flight_id,area,day,reg,type,callsign,dur_s,mean_qnh_ft,band_ft,sq7000_frac
4cae08:2026-03-07T10:26:09Z,devon,2026-03-07,EI-BUF,C210,EIBUF,157.1,9346.0,0.0,0.0
45214a:2026-03-07T06:25:26Z,devon,2026-03-07,LZ-LUX,PRM1,PJJ311A,174.1,34335.5,75.0,0.0
402e21:2026-03-21T16:42:11Z,devon,2026-03-21,G-EGTB,P28A,GEGTB,125.6,3238.2,100.0,0.0
404950:2026-03-21T16:20:15Z,devon,2026-03-21,G-CCEF,EUPA,GCCEF,379.7,3304.7,150.0,1.0
a88c15:2026-03-21T16:14:22Z,devon,2026-03-21,N65TL,S22T,N65TL,339.9,4036.0,125.0,0.4
40710f:2026-03-21T15:26:47Z,devon,2026-03-21,G-SAJM,DA42,SFY2JM,152.8,3421.8,100.0,0.19
40710f:2026-03-21T15:26:47Z,devon,2026-03-21,G-SAJM,DA42,SFY2JM,148.8,2271.9,100.0,0.0
405b26:2026-03-21T14:32:18Z,devon,2026-03-21,G-DADZ,CRUZ,GDADZ,273.4,3772.0,125.0,0.49
405b26:2026-03-21T14:32:18Z,devon,2026-03-21,G-DADZ,CRUZ,GDADZ,192.5,4084.4,150.0,1.0
404950:2026-03-21T13:35:46Z,devon,2026-03-21,G-CCEF,EUPA,GCCEF,188.9,2799.6,125.0,0.0
402620:2026-03-21T13:00:24Z,devon,2026-03-21,G-AMUI,AIGT,7000,232.4,1967.7,75.0,0.0
402620:2026-03-21T13:00:24Z,devon,2026-03-21,G-AMUI,AIGT,7000,161.7,1578.3,25.0,0.0
402e21:2026-03-21T12:46:32Z,devon,2026-03-21,G-EGTB,P28A,GEGTB,120.1,3437.5,100.0,0.0
402e21:2026-03-21T12:46:32Z,devon,2026-03-21,G-EGTB,P28A,GEGTB,122.7,3101.4,100.0,0.0
402e21:2026-03-21T12:46:32Z,devon,2026-03-21,G-EGTB,P28A,GEGTB,336.9,2292.2,100.0,0.0
401e94:2026-03-21T10:24:23Z,devon,2026-03-21,G-BHUG,C172,GBHUG,426.1,3652.1,75.0,0.52
407937:2026-03-21T10:10:17Z,devon,2026-03-21,G-LHXB,DA42,AFZ35Y,127.8,2193.9,75.0,0.0
404c48:2026-03-21T09:19:13Z,devon,2026-03-21,G-CCYS,C182,GCCYS,174.1,4464.8,125.0,0.0
45da05:2026-03-21T09:00:33Z,devon,2026-03-21,OY-VPE,P68,BIO05,134.9,3011.8,0.0,0.0
4076c0:2026-03-21T08:32:33Z,devon,2026-03-21,G-RVBP,RV7,GRVBP,453.7,5309.2,0.0,0.0
404328:2026-03-21T08:29:38Z,devon,2026-03-21,G-EGLS,P28A,GEGLS,401.6,6211.0,0.0,0.0
401e04:2026-03-28T14:35:14Z,devon,2026-03-28,G-BGYH,P28A,GBGYH,125.2,2456.2,100.0,0.0
408323:2026-03-28T13:27:42Z,devon,2026-03-28,G-IPDP,PC12,GIPDP,197.5,28499.3,0.0,0.0
408302:2026-03-28T10:27:30Z,devon,2026-03-28,G-CNAG,SIRA,GCNAG,158.5,3530.1,100.0,0.0
408254:2026-04-11T12:20:08Z,devon,2026-04-11,G-RGAH,DA40,LDG33,175.8,4026.1,100.0,0.0
407539:2026-04-11T09:54:21Z,devon,2026-04-11,G-PKHA,PC12,GPKHA,296.4,27843.8,0.0,0.0
49d62c:2026-04-15T11:40:31Z,devon,2026-04-15,OK-PHP,E55P,AAN171,145.3,42975.7,0.0,0.0
400f18:2026-04-22T16:30:14Z,devon,2026-04-22,G-RASA,DA42,AOS15,190.1,2264.0,125.0,0.0
407937:2026-04-22T16:02:51Z,devon,2026-04-22,G-LHXB,DA42,AFZ35Y,376.2,4031.3,150.0,0.0
407937:2026-04-22T16:02:51Z,devon,2026-04-22,G-LHXB,DA42,AFZ35Y,212.2,4549.1,150.0,0.0
407937:2026-04-22T16:02:51Z,devon,2026-04-22,G-LHXB,DA42,AFZ35Y,237.0,4525.9,150.0,0.0
407937:2026-04-22T16:02:51Z,devon,2026-04-22,G-LHXB,DA42,AFZ35Y,494.4,5274.9,75.0,0.0
407937:2026-04-22T16:02:51Z,devon,2026-04-22,G-LHXB,DA42,AFZ35Y,199.1,2185.3,75.0,0.0
407937:2026-04-22T16:02:51Z,devon,2026-04-22,G-LHXB,DA42,AFZ35Y,150.0,3407.3,100.0,0.0
407937:2026-04-22T16:02:51Z,devon,2026-04-22,G-LHXB,DA42,AFZ35Y,190.2,2171.5,100.0,0.0
407937:2026-04-22T14:31:27Z,devon,2026-04-22,G-LHXB,DA42,AFZ35Y,167.8,2204.3,125.0,0.0
407937:2026-04-22T11:05:12Z,devon,2026-04-22,G-LHXB,DA42,AFZ35Y,135.4,2221.5,125.0,0.0
407937:2026-04-22T11:05:12Z,devon,2026-04-22,G-LHXB,DA42,AFZ35Y,264.4,4036.7,150.0,0.0
407937:2026-04-22T11:05:12Z,devon,2026-04-22,G-LHXB,DA42,AFZ35Y,202.9,3533.3,125.0,0.0
40710f:2026-04-22T09:18:43Z,devon,2026-04-22,G-SAJM,DA42,SFY2JM,977.4,5275.6,100.0,0.0
40710f:2026-04-22T09:18:43Z,devon,2026-04-22,G-SAJM,DA42,SFY2JM,155.9,2175.6,125.0,0.34
407937:2026-04-22T09:13:12Z,devon,2026-04-22,G-LHXB,DA42,AFZ35Y,171.7,2185.0,150.0,0.0
4cac5e:2026-05-03T13:27:53Z,devon,2026-05-03,EJ-VAIS,PC12,EIX09D,215.4,25889.6,0.0,0.0
407e1c:2026-05-03T11:17:08Z,devon,2026-05-03,G-GIMT,DA62,GGIMT,138.5,5151.0,75.0,1.0
407997:2026-05-03T08:35:36Z,devon,2026-05-03,G-LHXC,DA42,LDG23,261.8,4938.4,150.0,0.0
4017fe:2026-05-09T13:12:07Z,devon,2026-05-09,G-AXCG,D11,GAXCG,144.3,3178.5,75.0,0.0
4016db:2026-05-09T12:18:20Z,devon,2026-05-09,G-AVGZ,DR10,GAVGZ,186.9,2052.7,125.0,0.0
4016db:2026-05-09T12:18:20Z,devon,2026-05-09,G-AVGZ,DR10,GAVGZ,373.5,2156.2,75.0,0.03
403cba:2026-05-09T12:06:14Z,devon,2026-05-09,G-BWYD,EUPA,GBWYD,242.6,2976.5,100.0,1.0
4075b7:2026-05-09T10:16:39Z,devon,2026-05-09,G-XIVA,RV14,GXIVA,241.7,2472.3,100.0,1.0
4075b7:2026-05-09T10:16:39Z,devon,2026-05-09,G-XIVA,RV14,GXIVA,182.0,2205.3,125.0,1.0
4016db:2026-05-09T10:03:55Z,devon,2026-05-09,G-AVGZ,DR10,GAVGZ,410.1,2021.9,125.0,0.0
408248:2026-05-09T09:30:10Z,devon,2026-05-09,G-GWVV,SR20,GGWVV,244.9,6019.8,0.0,0.0
408248:2026-05-09T09:30:10Z,devon,2026-05-09,G-GWVV,SR20,GGWVV,170.2,2294.0,100.0,0.0
408309:2026-05-16T09:13:38Z,devon,2026-05-16,G-SALW,DA42,SFY5LW,844.9,4952.2,75.0,0.0
a2ffb6:2026-05-16T07:37:53Z,devon,2026-05-16,N2923N,PA32,N2923N,153.7,5056.8,0.0,0.0
ab800f:2026-05-20T12:25:09Z,devon,2026-05-20,N840CD,SR20,N840CD,753.8,6219.4,0.0,0.0
40710f:2026-05-20T12:08:37Z,devon,2026-05-20,G-SAJM,DA42,SFY2JM,175.6,4176.7,50.0,0.0
407937:2026-05-20T09:02:11Z,devon,2026-05-20,G-LHXB,DA42,AFZ35Y,218.5,7153.4,125.0,0.0
407937:2026-05-20T09:02:11Z,devon,2026-05-20,G-LHXB,DA42,AFZ35Y,199.9,6396.1,100.0,0.0
407937:2026-05-20T09:02:11Z,devon,2026-05-20,G-LHXB,DA42,AFZ35Y,215.0,6119.3,50.0,0.0
4012da:2026-05-28T16:11:15Z,devon,2026-05-28,G-CEWM,DHC6,AUR101P,140.5,6243.7,0.0,0.0
402bab:2026-05-28T15:38:39Z,devon,2026-05-28,G-BORK,P28A,GBORK,566.3,2351.8,150.0,1.0
43f6c4:2026-05-28T14:13:42Z,devon,2026-05-28,2-JEFF,EA50,2JEFF,121.2,2805.4,25.0,0.0
4073d2:2026-05-28T11:22:07Z,devon,2026-05-28,G-IINK,SR22,GIINK,122.6,4747.0,100.0,0.0
402d2d:2026-05-28T11:08:33Z,devon,2026-05-28,G-LEOS,DR40,GLEOS,120.3,2587.3,0.0,0.0
40710f:2026-05-28T08:10:41Z,devon,2026-05-28,G-SAJM,DA42,SFY2JM,379.9,3413.4,125.0,0.0
402bab:2026-05-28T07:45:15Z,devon,2026-05-28,G-BORK,P28A,GBORK,159.0,2509.0,100.0,1.0
402bab:2026-05-28T07:45:15Z,devon,2026-05-28,G-BORK,P28A,GBORK,135.0,2739.1,100.0,1.0
402bab:2026-05-28T07:45:15Z,devon,2026-05-28,G-BORK,P28A,GBORK,151.8,2509.3,100.0,1.0
4077c5:2026-05-28T07:02:47Z,devon,2026-05-28,G-EEWA,BE33,GEEWA,794.8,7638.4,25.0,0.0
400978:2026-06-03T13:49:22Z,devon,2026-06-03,G-FPLD,BE20,CLB230,495.4,4915.9,0.0,0.0
402ae2:2026-06-07T13:56:08Z,devon,2026-06-07,G-OALD,TB20,GOALD,160.7,2145.2,125.0,0.53
402ae2:2026-06-07T13:56:08Z,devon,2026-06-07,G-OALD,TB20,GOALD,144.0,2287.1,150.0,0.0
4074b9:2026-06-07T08:53:51Z,devon,2026-06-07,G-SATM,DA42,SFY1TM,198.7,8133.7,150.0,0.0
4cae08:2026-06-07T08:00:45Z,devon,2026-06-07,EI-BUF,C210,EIBUF,228.6,10169.7,25.0,0.0
4073dd:2026-06-13T17:10:20Z,devon,2026-06-13,G-RKID,RV6,GRKID,600.5,2785.6,50.0,1.0
403396:2026-06-13T16:02:03Z,devon,2026-06-13,G-MCPR,PA32,GMCPR,176.0,2508.3,25.0,0.0
401218:2026-06-13T15:51:04Z,devon,2026-06-13,G-BXRT,DR40,GBXRT,159.8,3996.5,100.0,0.0
404560:2026-06-13T14:03:12Z,devon,2026-06-13,G-GNJW,C42,GGNJW,938.0,2377.7,150.0,0.0
400a75:2026-06-13T13:53:45Z,devon,2026-06-13,G-RAFK,BE20,REV1FK,869.0,10263.0,50.0,0.0
400a75:2026-06-13T13:53:45Z,devon,2026-06-13,G-RAFK,BE20,REV1FK,271.1,10253.1,100.0,0.0
400a75:2026-06-13T13:53:45Z,devon,2026-06-13,G-RAFK,BE20,REV1FK,275.3,10266.1,25.0,0.0
40747f:2026-06-13T13:50:32Z,devon,2026-06-13,G-FLYK,BE20,PYN04,228.2,21308.2,50.0,0.0
402314:2026-06-13T13:22:48Z,devon,2026-06-13,G-TACK,G109,GTACK,202.2,2690.9,100.0,0.0
402314:2026-06-13T13:22:48Z,devon,2026-06-13,G-TACK,G109,GTACK,142.8,2628.9,100.0,0.0
408332:2026-06-13T13:12:39Z,devon,2026-06-13,G-SAMB,DA42,SFY7MB,179.1,8263.0,25.0,0.0
408332:2026-06-13T13:12:39Z,devon,2026-06-13,G-SAMB,DA42,SFY7MB,289.4,3476.5,100.0,0.0
408096:2026-06-13T12:53:25Z,devon,2026-06-13,G-MSMK,AP32,GMSMK,171.2,5373.0,125.0,0.0
402314:2026-06-13T12:33:50Z,devon,2026-06-13,G-TACK,G109,GTACK,174.3,1464.0,100.0,0.0
404d7b:2026-06-13T12:03:02Z,devon,2026-06-13,G-IPKA,PNR3,GIPKA,358.0,3968.6,125.0,1.0
404ecc:2026-06-13T11:18:30Z,devon,2026-06-13,G-MRVL,RV7,GMRVL,168.7,2965.9,125.0,1.0
4074b9:2026-06-13T10:51:50Z,devon,2026-06-13,G-SATM,DA42,EXM91,146.8,8240.4,75.0,0.0
401128:2026-06-13T09:57:32Z,devon,2026-06-13,G-CBML,DHC6,IOS505F,181.9,5302.2,50.0,0.0
401128:2026-06-13T09:57:32Z,devon,2026-06-13,G-CBML,DHC6,IOS505F,290.0,5332.1,50.0,0.0
401a35:2026-06-13T09:44:24Z,devon,2026-06-13,G-BASJ,P28A,GBASJ,233.1,2722.5,100.0,1.0
401a35:2026-06-13T09:44:24Z,devon,2026-06-13,G-BASJ,P28A,GBASJ,280.9,2422.3,100.0,1.0
407937:2026-06-13T09:30:52Z,devon,2026-06-13,G-LHXB,DA42,EXM26,262.6,7306.3,125.0,0.0
407937:2026-06-13T09:30:52Z,devon,2026-06-13,G-LHXB,DA42,EXM26,329.0,5021.4,150.0,0.0
407937:2026-06-13T09:30:52Z,devon,2026-06-13,G-LHXB,DA42,EXM26,178.8,4021.5,100.0,0.0
404573:2026-06-13T09:12:26Z,devon,2026-06-13,G-OJRM,C182,GOJRM,1662.7,5890.3,125.0,0.04
401008:2026-06-13T08:53:24Z,devon,2026-06-13,G-BIZO,P28R,GBIZO,149.3,3986.9,0.0,0.0
aa3a7a:2026-06-13T08:29:41Z,devon,2026-06-13,N75822,C172,N75822,208.6,3366.2,100.0,0.65
aa3a7a:2026-06-13T08:29:41Z,devon,2026-06-13,N75822,C172,N75822,200.7,3285.4,125.0,0.0
404ff8:2026-06-13T08:05:30Z,devon,2026-06-13,G-INTS,RV4,GINTS,295.3,4127.9,100.0,1.0
404ff8:2026-06-13T08:05:30Z,devon,2026-06-13,G-INTS,RV4,GINTS,725.4,4056.7,150.0,1.0
407ed0:2026-06-13T07:04:34Z,devon,2026-06-13,G-ENDG,C42,GENDG,182.5,1587.4,75.0,0.33
407ed0:2026-06-13T07:04:34Z,devon,2026-06-13,G-ENDG,C42,GENDG,201.4,1734.7,150.0,0.0
407937:2026-06-17T14:35:06Z,devon,2026-06-17,G-LHXB,DA42,AFZ35Y,149.9,7119.4,75.0,0.0
407937:2026-06-17T14:35:06Z,devon,2026-06-17,G-LHXB,DA42,AFZ35Y,136.3,4521.0,100.0,0.0
407937:2026-06-17T14:35:06Z,devon,2026-06-17,G-LHXB,DA42,AFZ35Y,458.0,3510.1,125.0,0.0
407937:2026-06-17T14:35:06Z,devon,2026-06-17,G-LHXB,DA42,AFZ35Y,133.5,3956.4,150.0,0.0
407937:2026-06-17T14:35:06Z,devon,2026-06-17,G-LHXB,DA42,AFZ35Y,143.0,4012.5,75.0,0.0
407937:2026-06-17T11:50:41Z,devon,2026-06-17,G-LHXB,DA42,AFZ35Y,173.8,4974.3,25.0,0.0
407937:2026-06-17T11:50:41Z,devon,2026-06-17,G-LHXB,DA42,AFZ35Y,136.2,4986.8,50.0,0.0
407937:2026-06-17T11:50:41Z,devon,2026-06-17,G-LHXB,DA42,AFZ35Y,318.8,5021.6,100.0,0.0
407937:2026-06-17T11:50:41Z,devon,2026-06-17,G-LHXB,DA42,AFZ35Y,128.8,5011.7,150.0,0.0
407937:2026-06-17T11:50:41Z,devon,2026-06-17,G-LHXB,DA42,AFZ35Y,213.6,5120.2,50.0,0.0
407937:2026-06-17T11:50:41Z,devon,2026-06-17,G-LHXB,DA42,AFZ35Y,178.2,5086.8,0.0,0.0
43f6c4:2026-06-17T11:29:39Z,devon,2026-06-17,2-JEFF,EA50,2JEFF,364.4,3980.0,125.0,0.0
405d9a:2026-06-17T11:13:33Z,devon,2026-06-17,G-DOLI,SR20,GDOLI,464.4,6086.9,0.0,0.0
43ec6e:2026-06-17T09:55:44Z,devon,2026-06-17,2-EGJB,SR22,2EGJB,673.0,9884.8,0.0,0.0
43f6c4:2026-06-17T09:11:31Z,devon,2026-06-17,2-JEFF,EA50,2JEFF,216.5,4011.7,0.0,0.0
40685a:2026-06-20T17:39:15Z,devon,2026-06-20,G-CHPG,SR20,GCHPG,213.2,1134.8,100.0,0.0
407b7f:2026-06-20T14:47:29Z,devon,2026-06-20,G-CLYP,C42,GCLYP,147.1,2274.2,150.0,1.0
404eca:2026-06-20T13:43:43Z,devon,2026-06-20,G-RVJP,RV9,GRVJP,156.5,1977.4,150.0,1.0
404eca:2026-06-20T13:43:43Z,devon,2026-06-20,G-RVJP,RV9,GRVJP,122.7,2216.9,125.0,1.0
406192:2026-06-20T13:33:29Z,devon,2026-06-20,G-PHAT,SR20,GPHAT,305.8,5684.9,0.0,0.0
406192:2026-06-20T13:33:29Z,devon,2026-06-20,G-PHAT,SR20,GPHAT,254.2,5684.9,0.0,0.0
4b303c:2026-06-20T12:03:31Z,devon,2026-06-20,HB-SGY,DA40,HBSGY,210.0,1471.0,0.0,0.0
4025f2:2026-06-20T11:55:47Z,devon,2026-06-20,G-AIGD,J1,GAIGD,241.4,1945.0,0.0,1.0
4025f2:2026-06-20T11:55:47Z,devon,2026-06-20,G-AIGD,J1,GAIGD,183.1,1332.2,100.0,1.0
a0abdc:2026-06-20T11:07:26Z,devon,2026-06-20,N142TW,BE58,N142TW,370.1,7173.3,0.0,0.0
401128:2026-06-20T09:23:36Z,devon,2026-06-20,G-CBML,DHC6,IOS504E,122.8,3425.7,125.0,0.0
a0abdc:2026-06-20T09:17:42Z,devon,2026-06-20,N142TW,BE58,N142TW,238.2,3531.5,100.0,0.0
40685a:2026-06-25T18:53:08Z,devon,2026-06-25,G-CHPG,SR20,GCHPG,153.3,2964.5,100.0,0.0
4021d8:2026-06-25T16:23:45Z,devon,2026-06-25,G-GCKI,M20T,GGCKI,894.6,6157.9,50.0,0.07
ad5db7:2026-06-25T13:55:10Z,devon,2026-06-25,N960SA,TBM9,N960SA,216.9,23983.7,0.0,0.0
407ae5:2026-06-25T13:33:14Z,devon,2026-06-25,G-RVZZ,RV7,GRVZZ,142.4,1833.0,100.0,0.0
408309:2026-06-25T13:32:55Z,devon,2026-06-25,G-SALW,DA42,EXM91,424.0,3413.2,125.0,0.0
408309:2026-06-25T13:32:55Z,devon,2026-06-25,G-SALW,DA42,EXM91,135.6,3443.3,100.0,0.0
407990:2026-06-25T12:42:51Z,devon,2026-06-25,G-SADB,DA42,SFY3DB,199.4,2174.0,150.0,0.24
407990:2026-06-25T12:42:51Z,devon,2026-06-25,G-SADB,DA42,SFY3DB,327.8,5028.1,125.0,0.0
40800d:2026-06-25T10:02:04Z,devon,2026-06-25,G-HMGH,B350,SRD226B,243.1,23052.3,0.0,0.0
402d18:2026-06-25T09:33:26Z,devon,2026-06-25,G-AGMI,L8,GAGMI,527.8,3351.8,150.0,0.0
404328:2026-06-25T07:06:14Z,devon,2026-06-25,G-EGLS,P28A,GEGLS,760.0,6071.3,0.0,0.0
4021d8:2026-06-25T06:18:32Z,devon,2026-06-25,G-GCKI,M20T,GGCKI,397.2,4106.0,75.0,1.0
4021d8:2026-06-25T06:18:32Z,devon,2026-06-25,G-GCKI,M20T,GGCKI,366.3,3379.6,125.0,1.0
4051a2:2026-07-04T15:26:26Z,devon,2026-07-04,G-CEMI,EUPA,GCEMI,158.8,2855.3,50.0,0.22
4013e1:2026-07-04T13:56:53Z,devon,2026-07-04,G-AFZA,J4,GAFZA,239.2,1794.3,150.0,1.0
40326a:2026-07-04T13:22:57Z,devon,2026-07-04,G-BSTX,L8,GBSTX,150.8,2224.0,150.0,1.0
407aff:2026-07-04T12:28:17Z,devon,2026-07-04,G-RDAR,RV7,GRDAR,372.8,1842.8,150.0,1.0
4083a4:2026-07-04T12:00:31Z,devon,2026-07-04,G-RESS,C82S,GRESS,283.8,9488.7,25.0,0.0
40747f:2026-07-04T11:08:40Z,devon,2026-07-04,G-FLYK,BE20,PYN04,356.2,19417.6,25.0,0.0
4048a5:2026-07-04T09:12:19Z,devon,2026-07-04,G-DAAZ,P28U,GDAAZ,534.6,5992.5,150.0,0.72
407aee:2026-07-04T09:01:26Z,devon,2026-07-04,G-MACC,CC11,GMACC,202.3,1737.7,100.0,1.0
407d61:2026-07-08T16:55:59Z,devon,2026-07-08,G-HTSI,SLG4,GHTSI,175.6,4937.3,25.0,0.0
408253:2026-07-08T16:38:46Z,devon,2026-07-08,G-RGAM,DA40,GRGAM,458.2,3083.8,50.0,1.0
408253:2026-07-08T16:38:46Z,devon,2026-07-08,G-RGAM,DA40,GRGAM,278.3,3132.0,100.0,1.0
407990:2026-07-08T15:45:29Z,devon,2026-07-08,G-SADB,DA42,SFY3DB,235.5,3362.9,150.0,0.0
407990:2026-07-08T15:45:29Z,devon,2026-07-08,G-SADB,DA42,SFY3DB,144.7,2152.4,125.0,0.31
4021c2:2026-07-08T13:42:56Z,devon,2026-07-08,G-FARR,D150,GFARR,325.1,2306.7,100.0,1.0
407191:2026-07-08T13:31:25Z,devon,2026-07-08,G-DAYO,BE36,GDAYO,287.8,3633.4,150.0,0.0
a2060e:2026-07-08T13:16:01Z,devon,2026-07-08,N2299L,BE33,N2299L,455.6,5925.1,25.0,0.0
407937:2026-07-08T11:57:03Z,devon,2026-07-08,G-LHXB,DA42,AFZ35Y,132.5,7231.3,125.0,0.0
407937:2026-07-08T11:57:03Z,devon,2026-07-08,G-LHXB,DA42,AFZ35Y,168.5,4550.5,150.0,0.0
407937:2026-07-08T11:57:03Z,devon,2026-07-08,G-LHXB,DA42,AFZ35Y,174.4,3432.2,150.0,0.0
405066:2026-07-08T10:39:45Z,devon,2026-07-08,G-OYIO,DR40,GOYIO,169.6,2516.2,100.0,0.0
4071c2:2026-07-08T09:56:42Z,devon,2026-07-08,G-CJJW,ULAC,GCJJW,174.7,2094.8,150.0,0.0
400f21:2026-07-08T09:48:20Z,devon,2026-07-08,G-HDEW,P32R,GHDEW,763.1,3040.9,100.0,0.39
4038e3:2026-07-08T09:18:19Z,devon,2026-07-08,G-BVOS,EUPA,GBVOS,145.8,2645.0,50.0,1.0
407d61:2026-07-08T09:05:45Z,devon,2026-07-08,G-HTSI,SLG4,GHTSI,286.5,3994.2,25.0,0.0
404a0d:2026-07-08T08:45:23Z,devon,2026-07-08,G-YRUS,D140,GYRUS,273.4,3609.4,50.0,0.0
4060e0:2026-07-08T08:43:58Z,devon,2026-07-08,G-CGKR,G115,BTNIA32,336.3,2967.6,125.0,0.0
407937:2026-07-08T08:35:31Z,devon,2026-07-08,G-LHXB,DA42,AFZ35Y,134.5,7231.1,100.0,0.0
407937:2026-07-08T08:35:31Z,devon,2026-07-08,G-LHXB,DA42,AFZ35Y,247.3,4484.0,100.0,0.0
407937:2026-07-08T08:35:31Z,devon,2026-07-08,G-LHXB,DA42,AFZ35Y,258.0,4518.8,100.0,0.0
407937:2026-07-08T08:35:31Z,devon,2026-07-08,G-LHXB,DA42,AFZ35Y,181.3,5155.3,50.0,0.0
407937:2026-07-08T08:35:31Z,devon,2026-07-08,G-LHXB,DA42,AFZ35Y,252.2,3355.7,125.0,0.0
a2060e:2026-07-08T08:35:11Z,devon,2026-07-08,N2299L,BE33,N2299L,155.0,5472.0,0.0,0.0
400f21:2026-07-08T07:29:12Z,devon,2026-07-08,G-HDEW,P32R,GHDEW,154.2,2006.5,25.0,0.0
4017fe:2026-07-11T16:59:34Z,devon,2026-07-11,G-AXCG,D11,GAXCG,226.0,2786.4,150.0,0.0
4017fe:2026-07-11T16:59:34Z,devon,2026-07-11,G-AXCG,D11,GAXCG,137.9,2885.8,150.0,0.0
4017fe:2026-07-11T16:59:34Z,devon,2026-07-11,G-AXCG,D11,GAXCG,349.0,2933.8,150.0,0.0
407b7f:2026-07-11T15:33:58Z,devon,2026-07-11,G-CLYP,C42,GCLYP,197.8,5119.6,75.0,1.0
407b7f:2026-07-11T14:04:29Z,devon,2026-07-11,G-CLYP,C42,GCLYP,142.5,3625.1,125.0,1.0
407b7f:2026-07-11T14:04:29Z,devon,2026-07-11,G-CLYP,C42,GCLYP,121.7,3465.2,125.0,1.0
407b7f:2026-07-11T12:34:08Z,devon,2026-07-11,G-CLYP,C42,GCLYP,166.0,3543.7,125.0,1.0
407c4c:2026-07-11T11:38:21Z,devon,2026-07-11,G-PKUP,C42,GPKUP,383.3,2570.9,150.0,0.0
4025f2:2026-07-11T10:53:06Z,devon,2026-07-11,G-AIGD,J1,GAIGD,221.3,1336.3,150.0,1.0
4052ca:2026-07-11T10:36:58Z,devon,2026-07-11,G-CETP,RV9,GCETP,126.1,2914.8,75.0,0.0
407191:2026-07-11T09:56:53Z,devon,2026-07-11,G-DAYO,BE36,GDAYO,261.4,3527.2,125.0,0.0
407990:2026-07-11T09:46:39Z,devon,2026-07-11,G-SADB,DA42,SFY3DB,147.8,8134.6,100.0,0.0
407990:2026-07-11T09:46:39Z,devon,2026-07-11,G-SADB,DA42,SFY3DB,129.8,2134.2,100.0,0.0
406f5b:2026-07-11T09:42:53Z,devon,2026-07-11,G-CIWP,C42,GCIWP,181.2,1951.1,150.0,1.0
407b7f:2026-07-11T09:19:43Z,devon,2026-07-11,G-CLYP,C42,GCLYP,467.7,2976.4,150.0,1.0
404605:2026-07-11T09:16:20Z,devon,2026-07-11,G-CBFA,DA40,GCBFA,320.7,2599.9,150.0,0.0
402d2d:2026-07-15T17:34:41Z,devon,2026-07-15,G-LEOS,DR40,GLEOS,321.8,3942.5,100.0,0.0
402d2d:2026-07-15T17:34:41Z,devon,2026-07-15,G-LEOS,DR40,GLEOS,129.4,3814.8,100.0,0.0
402d2d:2026-07-15T17:34:41Z,devon,2026-07-15,G-LEOS,DR40,GLEOS,243.4,3035.4,100.0,0.0
407daa:2026-07-15T16:55:11Z,devon,2026-07-15,G-REXB,BE20,REV969B,167.3,22192.9,75.0,0.0
424c8d:2026-07-15T16:25:25Z,devon,2026-07-15,,,MABTM,414.2,20171.8,75.0,0.0
4083aa:2026-07-15T15:58:51Z,devon,2026-07-15,G-OJFB,PC12,JFU52B,288.1,25193.8,0.0,0.0
40710f:2026-07-15T15:50:31Z,devon,2026-07-15,G-SAJM,DA42,SFY2JM,191.2,4125.5,50.0,0.0
40710f:2026-07-15T15:50:31Z,devon,2026-07-15,G-SAJM,DA42,SFY2JM,200.6,2208.0,75.0,0.0
407937:2026-07-15T15:32:29Z,devon,2026-07-15,G-LHXB,DA42,AFZ35Y,184.7,3424.9,50.0,0.0
402d2d:2026-07-15T15:10:12Z,devon,2026-07-15,G-LEOS,DR40,GLEOS,202.5,4073.5,100.0,0.0
402d2d:2026-07-15T15:10:12Z,devon,2026-07-15,G-LEOS,DR40,GLEOS,176.8,3912.7,100.0,0.0
402d2d:2026-07-15T15:10:12Z,devon,2026-07-15,G-LEOS,DR40,GLEOS,268.8,3451.3,100.0,0.0
402d2d:2026-07-15T15:10:12Z,devon,2026-07-15,G-LEOS,DR40,GLEOS,133.4,3517.5,100.0,0.0
4076c0:2026-07-15T13:45:02Z,devon,2026-07-15,G-RVBP,RV7,GRVBP,285.8,6474.8,125.0,0.0
4076c0:2026-07-15T13:45:02Z,devon,2026-07-15,G-RVBP,RV7,GRVBP,136.8,5331.6,150.0,0.0
407990:2026-07-15T13:25:16Z,devon,2026-07-15,G-SADB,DA42,SFY3DB,390.9,5034.1,75.0,0.0
407990:2026-07-15T13:25:16Z,devon,2026-07-15,G-SADB,DA42,SFY3DB,166.0,2260.3,150.0,0.0
407990:2026-07-15T13:25:16Z,devon,2026-07-15,G-SADB,DA42,SFY3DB,215.4,5053.5,100.0,0.0
408332:2026-07-15T12:38:33Z,devon,2026-07-15,G-SAMB,DA42,SFY7MB,206.5,3326.6,125.0,0.0
408332:2026-07-15T12:38:33Z,devon,2026-07-15,G-SAMB,DA42,SFY7MB,133.2,2124.4,150.0,0.0
400d74:2026-07-15T10:06:48Z,devon,2026-07-15,G-AWUZ,C172,GAWUZ,473.0,3580.7,150.0,0.0
407937:2026-07-15T09:54:18Z,devon,2026-07-15,G-LHXB,DA42,AFZ35Y,186.0,2234.1,100.0,0.0
463434:2026-07-15T08:09:43Z,devon,2026-07-15,OH-TUA,PC12,FSF134A,364.2,24215.3,0.0,0.0
404c2c:2026-07-22T15:35:00Z,devon,2026-07-22,G-CCZX,DR40,GCCZX,223.1,2933.2,100.0,0.0
404c2c:2026-07-22T15:35:00Z,devon,2026-07-22,G-CCZX,DR40,GCCZX,125.3,3203.5,100.0,0.0
4074b9:2026-07-22T14:22:44Z,devon,2026-07-22,G-SATM,DA42,SFY1TM,301.8,7242.6,100.0,0.0
4074b9:2026-07-22T14:22:44Z,devon,2026-07-22,G-SATM,DA42,SFY1TM,203.7,2240.5,150.0,0.12
406ad0:2026-07-22T13:02:49Z,devon,2026-07-22,G-FFMV,DA42,VANGUARD,4692.9,5480.5,150.0,0.01
406ad0:2026-07-22T13:02:49Z,devon,2026-07-22,G-FFMV,DA42,VANGUARD,2345.9,5507.5,100.0,0.0
406ad0:2026-07-22T13:02:49Z,devon,2026-07-22,G-FFMV,DA42,VANGUARD,278.8,4305.7,75.0,0.0
4018e2:2026-07-22T12:53:22Z,devon,2026-07-22,G-AYPO,PA18,GAYPO,126.3,1850.8,25.0,0.0
4018e2:2026-07-22T12:53:22Z,devon,2026-07-22,G-AYPO,PA18,GAYPO,268.7,3122.6,150.0,1.0
404bd5:2026-07-22T12:42:39Z,devon,2026-07-22,G-CCXB,ST75,GCCXB,250.1,2545.6,100.0,1.0
40320a:2026-07-22T09:42:06Z,devon,2026-07-22,G-VFAS,P28R,GVFAS,158.3,4981.8,75.0,0.0
402a17:2026-07-22T09:12:57Z,devon,2026-07-22,G-OPSL,P32R,GTRGG,409.3,3323.8,100.0,0.0
40710f:2026-07-22T08:29:47Z,devon,2026-07-22,G-SAJM,DA42,SFY2JM,148.4,5343.2,25.0,0.0
404605:2026-07-22T07:01:28Z,devon,2026-07-22,G-CBFA,DA40,GCBFA,372.9,2311.9,100.0,0.0
407daa:2026-07-28T15:25:56Z,devon,2026-07-28,G-REXB,BE20,REV955A,138.1,2599.0,50.0,0.0
4080e7:2026-07-28T14:21:53Z,devon,2026-07-28,G-STUM,DA50,GSTUM,158.1,5512.0,0.0,0.0
407937:2026-07-28T11:37:28Z,devon,2026-07-28,G-LHXB,DA42,AFZ35Y,151.6,4718.7,150.0,0.0
348404:2026-07-28T11:29:59Z,devon,2026-07-28,,,ECONU,123.9,5945.3,25.0,0.0
40465e:2026-07-28T11:03:33Z,devon,2026-07-28,G-GDRV,RV6,GGDRV,122.4,4015.9,25.0,0.0
407937:2026-07-28T08:30:56Z,devon,2026-07-28,G-LHXB,DA42,AFZ35Y,217.3,7213.2,75.0,0.0
407937:2026-07-28T08:30:56Z,devon,2026-07-28,G-LHXB,DA42,AFZ35Y,135.4,4731.9,125.0,0.0
407937:2026-07-28T08:30:56Z,devon,2026-07-28,G-LHXB,DA42,AFZ35Y,318.1,4536.8,150.0,0.0
407937:2026-07-28T08:30:56Z,devon,2026-07-28,G-LHXB,DA42,AFZ35Y,308.1,4481.3,125.0,0.0
ab2cd8:2026-03-07T12:48:20Z,lincolnshire,2026-03-07,N819X,S22T,N819X,937.8,5113.4,0.0,0.0
4076d4:2026-03-07T10:43:24Z,lincolnshire,2026-03-07,G-CKZX,GLST,GCKZX,188.8,1635.0,25.0,1.0
402c25:2026-03-07T10:28:40Z,lincolnshire,2026-03-07,G-BOYI,P28A,GBOYI,628.4,1963.9,100.0,0.0
4076d4:2026-03-07T09:03:33Z,lincolnshire,2026-03-07,G-CKZX,GLST,GCKZX,263.9,1489.9,75.0,1.0
402dce:2026-03-21T16:26:36Z,lincolnshire,2026-03-21,G-BPOS,C150,GBPOS,301.3,2159.5,150.0,1.0
407dd2:2026-03-21T16:06:47Z,lincolnshire,2026-03-21,G-SUEG,DA40,AOS92,247.1,3949.2,25.0,0.0
403038:2026-03-21T15:33:30Z,lincolnshire,2026-03-21,G-BRTP,C152,GBRTP,305.0,4525.0,75.0,1.0
402dce:2026-03-21T14:48:12Z,lincolnshire,2026-03-21,G-BPOS,C150,GBPOS,128.0,2145.1,50.0,1.0
402dce:2026-03-21T14:48:12Z,lincolnshire,2026-03-21,G-BPOS,C150,GBPOS,263.4,2170.6,100.0,0.0
401adc:2026-03-21T14:38:00Z,lincolnshire,2026-03-21,G-BBKA,C150,GBBKA,124.8,1342.3,0.0,1.0
4021f7:2026-03-21T12:27:51Z,lincolnshire,2026-03-21,G-HULL,C150,GHULL,172.2,1591.6,100.0,0.0
4021f7:2026-03-21T12:27:51Z,lincolnshire,2026-03-21,G-HULL,C150,GHULL,266.6,2014.8,150.0,0.0
400b6e:2026-03-21T11:08:05Z,lincolnshire,2026-03-21,G-TRIN,TB20,GTRIN,419.3,3200.3,150.0,0.0
4021f7:2026-03-21T10:57:21Z,lincolnshire,2026-03-21,G-HULL,C150,GHULL,423.8,1942.9,150.0,0.42
407bb7:2026-03-21T10:23:46Z,lincolnshire,2026-03-21,G-CMAH,C152,GCMAH,140.9,3022.4,100.0,0.0
407bb7:2026-03-21T10:23:46Z,lincolnshire,2026-03-21,G-CMAH,C152,GCMAH,185.2,3954.5,150.0,0.0
407bb7:2026-03-21T10:23:46Z,lincolnshire,2026-03-21,G-CMAH,C152,GCMAH,288.8,3866.2,100.0,0.0
403bab:2026-03-21T10:14:59Z,lincolnshire,2026-03-21,G-LEAF,F406,REV6AF,158.3,3272.0,125.0,0.0
403bab:2026-03-21T10:14:59Z,lincolnshire,2026-03-21,G-LEAF,F406,REV6AF,172.9,6142.6,150.0,0.0
407e4f:2026-03-21T10:03:29Z,lincolnshire,2026-03-21,G-CMJU,C42,GCMJU,188.7,2121.7,150.0,0.05
402926:2026-03-21T09:51:45Z,lincolnshire,2026-03-21,G-BNOM,P28A,GBNOM,392.3,2047.2,100.0,0.0
40428b:2026-03-28T15:59:26Z,lincolnshire,2026-03-28,G-BZBF,C172,GBZBF,158.2,4234.5,100.0,1.0
402a10:2026-04-04T08:37:56Z,lincolnshire,2026-04-04,G-BNZZ,P28A,GBNZZ,221.7,3588.0,0.0,0.0
407936:2026-04-11T12:11:45Z,lincolnshire,2026-04-11,G-LHXA,DA42,GLHXA,132.6,3073.6,125.0,0.0
407936:2026-04-11T12:11:45Z,lincolnshire,2026-04-11,G-LHXA,DA42,GLHXA,230.8,2972.2,25.0,0.0
404dc0:2026-04-11T10:18:42Z,lincolnshire,2026-04-11,G-CDJK,C42,GCDJK,163.2,2134.2,125.0,1.0
407f58:2026-04-11T09:57:43Z,lincolnshire,2026-04-11,G-HMGF,B350,SRD224Z,193.6,1032.9,50.0,0.0
43c8d7:2026-04-15T14:48:20Z,lincolnshire,2026-04-15,ZM336,E50P,CWL19,473.6,10975.0,125.0,0.0
43c8d5:2026-04-15T09:06:08Z,lincolnshire,2026-04-15,ZM334,E50P,CWL39,219.3,10990.4,50.0,0.0
4080c9:2026-04-15T08:54:39Z,lincolnshire,2026-04-15,G-ZEAB,DA62,BRO09,312.6,1989.4,150.0,0.0
407bb7:2026-04-22T17:26:36Z,lincolnshire,2026-04-22,G-CMAH,C152,GCMAH,175.0,3346.2,125.0,1.0
407bb7:2026-04-22T17:26:36Z,lincolnshire,2026-04-22,G-CMAH,C152,GCMAH,368.7,3122.2,50.0,1.0
401add:2026-04-22T17:03:57Z,lincolnshire,2026-04-22,G-BBKB,C150,GBBKB,223.5,1645.0,100.0,1.0
400e1f:2026-04-22T15:55:01Z,lincolnshire,2026-04-22,G-OFFO,E300,GOFFO,226.0,3312.2,50.0,0.0
406ada:2026-04-22T15:05:53Z,lincolnshire,2026-04-22,G-GORD,DR40,GGORD,164.1,2005.8,125.0,0.0
406ada:2026-04-22T15:05:53Z,lincolnshire,2026-04-22,G-GORD,DR40,GGORD,169.2,1998.8,50.0,0.0
401adc:2026-04-22T14:41:45Z,lincolnshire,2026-04-22,G-BBKA,C150,GBBKA,131.2,1987.1,100.0,1.0
401adc:2026-04-22T14:41:45Z,lincolnshire,2026-04-22,G-BBKA,C150,GBBKA,272.2,1874.4,100.0,1.0
43c8d4:2026-04-22T12:27:44Z,lincolnshire,2026-04-22,ZM333,E50P,CWL43,136.7,10466.9,0.0,0.0
43c8d5:2026-04-22T12:09:55Z,lincolnshire,2026-04-22,ZM334,E50P,CWL38,461.9,11444.6,100.0,0.0
43c8d5:2026-04-22T12:09:55Z,lincolnshire,2026-04-22,ZM334,E50P,CWL38,282.4,11457.4,100.0,0.0
43c8c5:2026-04-22T10:50:24Z,lincolnshire,2026-04-22,ZM318,G12T,PRF98,195.8,5266.0,25.0,0.0
407936:2026-04-22T09:46:39Z,lincolnshire,2026-04-22,G-LHXA,DA42,EXM93,231.7,5490.0,100.0,0.0
407936:2026-04-22T09:46:39Z,lincolnshire,2026-04-22,G-LHXA,DA42,EXM93,254.1,10497.7,75.0,0.0
4080cc:2026-05-03T13:00:50Z,lincolnshire,2026-05-03,G-HMGI,B350,SRD224E,142.1,2978.3,100.0,0.0
4080cc:2026-05-03T13:00:50Z,lincolnshire,2026-05-03,G-HMGI,B350,SRD224E,159.7,1991.0,25.0,0.0
401caa:2026-05-09T14:02:10Z,lincolnshire,2026-05-09,G-CAPI,CP10,GCAPI,163.0,5088.7,100.0,1.0
402926:2026-05-09T13:17:31Z,lincolnshire,2026-05-09,G-BNOM,P28A,GBNOM,185.2,1994.4,150.0,1.0
400fab:2026-05-09T13:01:05Z,lincolnshire,2026-05-09,G-NDPA,C42,GNDPA,157.3,1977.3,100.0,0.0
401858:2026-05-09T12:49:19Z,lincolnshire,2026-05-09,G-AXTC,P28A,GAXTC,213.6,2714.9,125.0,1.0
40415f:2026-05-09T12:06:25Z,lincolnshire,2026-05-09,G-RICO,AA5,GRICO,208.8,3025.4,100.0,0.0
407bb7:2026-05-09T11:30:12Z,lincolnshire,2026-05-09,G-CMAH,C152,GCMAH,199.0,2647.7,75.0,1.0
407bb7:2026-05-09T11:30:12Z,lincolnshire,2026-05-09,G-CMAH,C152,GCMAH,154.7,2733.1,150.0,1.0
4033a8:2026-05-09T10:56:13Z,lincolnshire,2026-05-09,G-TMHK,PA38,GTMHK,120.8,4970.6,125.0,0.0
4033a8:2026-05-09T10:56:13Z,lincolnshire,2026-05-09,G-TMHK,PA38,GTMHK,209.0,5030.1,50.0,0.0
400c1f:2026-05-09T10:34:10Z,lincolnshire,2026-05-09,G-BGHJ,C172,GBGHJ,169.0,2429.2,100.0,1.0
400c1f:2026-05-09T10:34:10Z,lincolnshire,2026-05-09,G-BGHJ,C172,GBGHJ,292.3,2307.9,100.0,1.0
401669:2026-05-09T10:12:54Z,lincolnshire,2026-05-09,G-IMIK,P28A,GIMIK,137.2,2112.6,150.0,1.0
401669:2026-05-09T10:12:54Z,lincolnshire,2026-05-09,G-IMIK,P28A,GIMIK,510.6,2212.5,150.0,1.0
401669:2026-05-09T10:12:54Z,lincolnshire,2026-05-09,G-IMIK,P28A,GIMIK,145.8,2446.5,125.0,1.0
401669:2026-05-09T10:12:54Z,lincolnshire,2026-05-09,G-IMIK,P28A,GIMIK,219.3,2536.4,125.0,1.0
401669:2026-05-09T10:12:54Z,lincolnshire,2026-05-09,G-IMIK,P28A,GIMIK,215.3,2675.2,150.0,1.0
402a5d:2026-05-09T09:58:36Z,lincolnshire,2026-05-09,G-BOEE,P28A,GBOEE,789.3,2836.6,150.0,1.0
402a5d:2026-05-09T09:58:36Z,lincolnshire,2026-05-09,G-BOEE,P28A,GBOEE,186.3,3167.8,150.0,1.0
4021f7:2026-05-09T09:50:09Z,lincolnshire,2026-05-09,G-HULL,C150,GHULL,268.6,1910.4,150.0,1.0
4021f7:2026-05-09T09:50:09Z,lincolnshire,2026-05-09,G-HULL,C150,GHULL,400.7,2017.4,125.0,1.0
400c1f:2026-05-09T09:01:49Z,lincolnshire,2026-05-09,G-BGHJ,C172,GBGHJ,135.5,2247.3,100.0,1.0
407991:2026-05-09T08:59:43Z,lincolnshire,2026-05-09,G-CLMA,RV12,GCLMA,175.6,2687.4,25.0,0.58
40800d:2026-05-09T08:24:41Z,lincolnshire,2026-05-09,G-HMGH,B350,SRD226E,212.3,3026.9,0.0,0.0
4033a8:2026-05-16T13:49:07Z,lincolnshire,2026-05-16,G-TMHK,PA38,GTMHK,249.0,2709.5,150.0,0.0
406cac:2026-05-16T12:40:09Z,lincolnshire,2026-05-16,G-FLYO,EV97,GFLYO,130.7,1576.6,150.0,1.0
407bb7:2026-05-16T12:29:30Z,lincolnshire,2026-05-16,G-CMAH,C152,GCMAH,197.5,2447.5,125.0,1.0
a1c38d:2026-05-16T12:17:23Z,lincolnshire,2026-05-16,N21219,C182,N21219,131.2,3297.0,100.0,1.0
40183c:2026-05-16T12:16:58Z,lincolnshire,2026-05-16,G-AXNS,PUP,GAXNS,227.2,4025.1,125.0,1.0
401858:2026-05-16T12:15:08Z,lincolnshire,2026-05-16,G-AXTC,P28A,GAXTC,222.0,2745.4,75.0,1.0
40711e:2026-05-16T11:57:42Z,lincolnshire,2026-05-16,G-MIAN,SKRA,GMIAN,365.8,3178.6,150.0,1.0
40711e:2026-05-16T11:57:42Z,lincolnshire,2026-05-16,G-MIAN,SKRA,GMIAN,172.7,2373.5,125.0,1.0
404ce3:2026-05-16T11:22:37Z,lincolnshire,2026-05-16,G-CDDP,LAKR,GCDDP,178.7,2487.4,100.0,0.0
404ce3:2026-05-16T11:22:37Z,lincolnshire,2026-05-16,G-CDDP,LAKR,GCDDP,137.8,2742.2,100.0,0.0
401adc:2026-05-16T11:20:17Z,lincolnshire,2026-05-16,G-BBKA,C150,GBBKA,317.3,2558.5,100.0,1.0
408044:2026-05-16T11:18:28Z,lincolnshire,2026-05-16,G-MPDF,TL20,GMPDF,607.5,2618.9,100.0,1.0
40159b:2026-05-16T10:05:52Z,lincolnshire,2026-05-16,G-ARYS,C172,GARYS,133.0,2358.2,50.0,1.0
406cac:2026-05-16T09:56:16Z,lincolnshire,2026-05-16,G-FLYO,EV97,GFLYO,406.1,1084.4,150.0,1.0
407e03:2026-05-16T09:50:20Z,lincolnshire,2026-05-16,G-CMFZ,RV10,GCMFZ,265.0,2998.6,75.0,1.0
408044:2026-05-16T09:35:46Z,lincolnshire,2026-05-16,G-MPDF,TL20,GMPDF,635.0,2587.6,50.0,1.0
4016a5:2026-05-16T09:26:02Z,lincolnshire,2026-05-16,G-ATXA,PA22,GATXA,354.8,2046.3,100.0,1.0
407e12:2026-05-16T09:19:04Z,lincolnshire,2026-05-16,G-TLDI,TL30,GTLDI,142.3,2560.8,125.0,1.0
4044da:2026-05-16T08:54:08Z,lincolnshire,2026-05-16,G-WHEN,ECHO,7000,414.0,1833.3,150.0,1.0
4065e9:2026-05-16T08:44:06Z,lincolnshire,2026-05-16,G-HTFU,GA8,GHTFU,212.8,3393.7,75.0,1.0
40159b:2026-05-16T08:40:53Z,lincolnshire,2026-05-16,G-ARYS,C172,GARYS,158.2,2004.7,125.0,1.0
404dc0:2026-05-16T08:29:35Z,lincolnshire,2026-05-16,G-CDJK,C42,GCDJK,198.2,1999.7,100.0,1.0
401add:2026-05-16T08:27:32Z,lincolnshire,2026-05-16,G-BBKB,C150,GBBKB,156.8,2021.1,150.0,1.0
407936:2026-05-20T14:36:08Z,lincolnshire,2026-05-20,G-LHXA,DA42,ADV37,199.0,3019.1,50.0,1.0
407936:2026-05-20T14:36:08Z,lincolnshire,2026-05-20,G-LHXA,DA42,ADV37,347.0,3012.8,75.0,1.0
406024:2026-05-20T14:25:14Z,lincolnshire,2026-05-20,G-CGCH,CRUZ,GCGCH,153.0,1983.4,125.0,1.0
406024:2026-05-20T14:25:14Z,lincolnshire,2026-05-20,G-CGCH,CRUZ,GCGCH,149.7,2236.6,150.0,1.0
4082f5:2026-05-20T14:18:31Z,lincolnshire,2026-05-20,G-ZEAC,DA62,BRO08,138.6,1984.6,0.0,0.0
43c8d8:2026-05-20T12:45:11Z,lincolnshire,2026-05-20,ZM337,E50P,CWL35,279.6,936.8,125.0,0.0
43c8bd:2026-05-20T12:07:35Z,lincolnshire,2026-05-20,ZM310,G12T,PRF63,133.4,2749.9,150.0,1.0
401be5:2026-05-20T11:47:09Z,lincolnshire,2026-05-20,G-BDFR,SUBA,GBDFR,324.8,5907.2,125.0,1.0
407bb7:2026-05-20T10:19:26Z,lincolnshire,2026-05-20,G-CMAH,C152,GCMAH,258.3,2454.4,75.0,1.0
43c8c4:2026-05-20T09:32:01Z,lincolnshire,2026-05-20,ZM317,G12T,PRF69,180.8,2088.8,125.0,0.0
402c25:2026-05-20T09:23:08Z,lincolnshire,2026-05-20,G-BOYI,P28A,GBOYI,204.5,3022.1,150.0,1.0
4061af:2026-05-20T09:21:00Z,lincolnshire,2026-05-20,G-DKTA,P28B,GDKTA,190.4,2237.3,125.0,1.0
4061af:2026-05-20T09:21:00Z,lincolnshire,2026-05-20,G-DKTA,P28B,GDKTA,180.1,2327.8,150.0,1.0
401be5:2026-05-20T08:53:06Z,lincolnshire,2026-05-20,G-BDFR,SUBA,GBDFR,260.3,3928.8,125.0,0.0
4082f5:2026-05-20T08:18:37Z,lincolnshire,2026-05-20,G-ZEAC,DA62,BRO08,162.0,1761.1,125.0,0.0
4082f5:2026-05-20T08:18:37Z,lincolnshire,2026-05-20,G-ZEAC,DA62,BRO08,274.8,1986.7,150.0,0.0
407f58:2026-05-28T21:07:06Z,lincolnshire,2026-05-28,G-HMGF,BE30,SRD224B,170.0,2017.4,50.0,0.0
43c8d5:2026-05-28T15:16:14Z,lincolnshire,2026-05-28,ZM334,E50P,CWL33,159.0,656.2,150.0,0.0
406bbf:2026-05-28T15:09:02Z,lincolnshire,2026-05-28,G-ICDP,C150,GICDP,184.8,4700.4,125.0,1.0
407c64:2026-05-28T15:06:11Z,lincolnshire,2026-05-28,G-KEVJ,SLG4,GKEVJ,324.9,4283.4,25.0,1.0
400aa5:2026-05-28T14:58:13Z,lincolnshire,2026-05-28,G-PLAZ,AC11,GPLAZ,397.0,4166.4,100.0,0.0
406c88:2026-05-28T14:49:35Z,lincolnshire,2026-05-28,G-CXTE,NG5,GCXTE,164.7,2548.9,150.0,0.0
4043c3:2026-05-28T14:06:38Z,lincolnshire,2026-05-28,G-GALB,P28A,GGALB,132.7,2631.0,100.0,1.0
4043c3:2026-05-28T14:06:38Z,lincolnshire,2026-05-28,G-GALB,P28A,GGALB,251.0,2712.9,100.0,1.0
4043c3:2026-05-28T14:06:38Z,lincolnshire,2026-05-28,G-GALB,P28A,GGALB,209.4,2622.9,100.0,1.0
402c25:2026-05-28T13:55:57Z,lincolnshire,2026-05-28,G-BOYI,P28A,GBOYI,619.3,3607.4,150.0,0.28
402c25:2026-05-28T13:55:57Z,lincolnshire,2026-05-28,G-BOYI,P28A,GBOYI,345.0,4038.5,150.0,1.0
40800d:2026-05-28T12:34:02Z,lincolnshire,2026-05-28,G-HMGH,B350,BRO93,456.7,2994.8,25.0,0.0
407c64:2026-05-28T12:20:31Z,lincolnshire,2026-05-28,G-KEVJ,SLG4,GKEVJ,514.2,2976.7,25.0,0.0
43c8d4:2026-05-28T11:58:27Z,lincolnshire,2026-05-28,ZM333,E50P,CAMEL1,177.4,11223.7,25.0,0.0
402b7b:2026-05-28T11:55:31Z,lincolnshire,2026-05-28,G-BOSM,D253,G BOSM,124.8,2682.8,75.0,1.0
402b7b:2026-05-28T11:55:31Z,lincolnshire,2026-05-28,G-BOSM,D253,G BOSM,126.7,2861.0,100.0,1.0
402c25:2026-05-28T11:11:02Z,lincolnshire,2026-05-28,G-BOYI,P28A,GBOYI,746.7,3113.6,100.0,1.0
407936:2026-05-28T10:52:53Z,lincolnshire,2026-05-28,G-LHXA,DA42,ADV37,329.9,4571.3,150.0,1.0
407936:2026-05-28T10:52:53Z,lincolnshire,2026-05-28,G-LHXA,DA42,ADV37,350.4,4474.9,150.0,1.0
403240:2026-05-28T10:15:22Z,lincolnshire,2026-05-28,G-BSSC,P28A,GBSSC,395.6,3393.0,100.0,1.0
407814:2026-05-28T09:50:13Z,lincolnshire,2026-05-28,G-HMGA,BE20,SRD203Z,126.3,2937.3,100.0,0.0
403500:2026-05-28T08:08:01Z,lincolnshire,2026-05-28,G-BTVX,C152,GBTVX,145.8,3512.7,150.0,1.0
400ec6:2026-05-28T07:12:15Z,lincolnshire,2026-05-28,G-BYUB,G115,CWL24,210.4,3229.2,100.0,1.0
400ec6:2026-05-28T07:12:15Z,lincolnshire,2026-05-28,G-BYUB,G115,CWL24,229.4,3242.9,75.0,1.0
407d30:2026-06-03T12:51:04Z,lincolnshire,2026-06-03,G-MSBI,F406,REV61T,127.3,2042.0,125.0,0.0
407b57:2026-06-03T10:38:12Z,lincolnshire,2026-06-03,G-WKTO,BE9L,WKT10,149.9,3041.5,150.0,0.0
407b57:2026-06-03T10:38:12Z,lincolnshire,2026-06-03,G-WKTO,BE9L,WKT10,166.6,3074.6,125.0,0.0
407b57:2026-06-03T10:38:12Z,lincolnshire,2026-06-03,G-WKTO,BE9L,WKT10,361.5,3004.4,50.0,0.0
43c8bb:2026-06-03T09:48:09Z,lincolnshire,2026-06-03,ZM308,G12T,PRF39,203.1,4571.0,25.0,0.0
43c8d8:2026-06-03T07:20:10Z,lincolnshire,2026-06-03,ZM337,E50P,CWL18,436.0,9700.0,150.0,0.0
503c0c:2026-06-07T13:27:47Z,lincolnshire,2026-06-07,LY-CCP,Y18T,LYCCP,219.1,1937.6,100.0,1.0
403038:2026-06-07T12:11:39Z,lincolnshire,2026-06-07,G-BRTP,C152,GBRTP,170.9,2735.3,100.0,1.0
403038:2026-06-07T12:11:39Z,lincolnshire,2026-06-07,G-BRTP,C152,GBRTP,162.7,2904.0,100.0,1.0
403500:2026-06-07T10:58:07Z,lincolnshire,2026-06-07,G-BTVX,C152,GBTVX,206.6,2360.5,125.0,1.0
406fbd:2026-06-07T09:55:31Z,lincolnshire,2026-06-07,G-TSDA,A210,GTSDA,155.8,2486.0,50.0,0.0
407f58:2026-06-07T09:10:03Z,lincolnshire,2026-06-07,G-HMGF,BE30,SRD224B,165.1,2053.2,125.0,0.0
402f34:2026-06-07T07:49:02Z,lincolnshire,2026-06-07,G-BRHA,P32T,GBRHA,181.2,4487.8,0.0,0.0
407f58:2026-06-13T23:18:16Z,lincolnshire,2026-06-13,G-HMGF,B350,SRD224B,171.7,1982.1,75.0,1.0
403123:2026-06-13T17:04:27Z,lincolnshire,2026-06-13,G-GOSL,DR40,GGOSL,316.4,9562.9,100.0,1.0
4021f7:2026-06-13T14:09:45Z,lincolnshire,2026-06-13,G-HULL,C150,GHULL,143.0,1999.6,150.0,0.0
401add:2026-06-13T13:44:47Z,lincolnshire,2026-06-13,G-BBKB,C150,GBBKB,187.0,2858.3,150.0,0.0
401add:2026-06-13T13:44:47Z,lincolnshire,2026-06-13,G-BBKB,C150,GBBKB,268.9,2991.0,25.0,0.0
401ed9:2026-06-13T13:35:15Z,lincolnshire,2026-06-13,G-BIDH,C152,GBIDH,129.6,2110.3,100.0,0.0
401ed9:2026-06-13T13:35:15Z,lincolnshire,2026-06-13,G-BIDH,C152,GBIDH,275.7,1959.7,150.0,0.0
401ed9:2026-06-13T13:35:15Z,lincolnshire,2026-06-13,G-BIDH,C152,GBIDH,140.0,2476.8,150.0,0.0
401ed9:2026-06-13T13:35:15Z,lincolnshire,2026-06-13,G-BIDH,C152,GBIDH,228.2,2379.1,100.0,0.0
407936:2026-06-13T13:10:16Z,lincolnshire,2026-06-13,G-LHXA,DA42,ADV39,130.4,2986.0,50.0,0.0
407936:2026-06-13T13:10:16Z,lincolnshire,2026-06-13,G-LHXA,DA42,ADV39,202.2,1982.8,150.0,0.0
407936:2026-06-13T13:10:16Z,lincolnshire,2026-06-13,G-LHXA,DA42,ADV39,360.9,1959.1,125.0,0.0
402926:2026-06-13T12:22:47Z,lincolnshire,2026-06-13,G-BNOM,P28A,GBNOM,138.7,2939.1,125.0,1.0
40415f:2026-06-13T11:47:12Z,lincolnshire,2026-06-13,G-RICO,AA5,GRICO,158.3,2949.4,100.0,0.0
40428b:2026-06-13T11:30:10Z,lincolnshire,2026-06-13,G-BZBF,C172,GBZBF,277.2,3074.4,100.0,0.11
40428b:2026-06-13T11:30:10Z,lincolnshire,2026-06-13,G-BZBF,C172,GBZBF,317.5,2272.6,100.0,1.0
4021f7:2026-06-13T10:42:32Z,lincolnshire,2026-06-13,G-HULL,C150,GHULL,131.8,1922.3,100.0,1.0
407bb7:2026-06-13T09:41:16Z,lincolnshire,2026-06-13,G-CMAH,C152,GCMAH,136.4,2720.6,150.0,0.0
407bb7:2026-06-13T09:41:16Z,lincolnshire,2026-06-13,G-CMAH,C152,GCMAH,176.6,2706.4,125.0,0.0
407936:2026-06-13T09:18:29Z,lincolnshire,2026-06-13,G-LHXA,DA42,ADV39,206.9,4974.3,125.0,0.0
407936:2026-06-13T09:18:29Z,lincolnshire,2026-06-13,G-LHXA,DA42,ADV39,239.7,2020.4,75.0,0.0
407936:2026-06-13T09:18:29Z,lincolnshire,2026-06-13,G-LHXA,DA42,ADV39,407.9,1990.1,150.0,0.0
401b9a:2026-06-13T08:25:00Z,lincolnshire,2026-06-13,G-BCRL,P28A,GBCRL,194.9,1789.2,100.0,1.0
407f58:2026-06-13T05:02:56Z,lincolnshire,2026-06-13,G-HMGF,B350,SRD224E,129.5,1994.7,75.0,1.0
407936:2026-06-17T16:12:41Z,lincolnshire,2026-06-17,G-LHXA,DA42,ADV39,191.9,4995.2,75.0,0.0
407936:2026-06-17T16:12:41Z,lincolnshire,2026-06-17,G-LHXA,DA42,ADV39,194.7,1989.4,150.0,0.0
407936:2026-06-17T16:12:41Z,lincolnshire,2026-06-17,G-LHXA,DA42,ADV39,219.8,1960.8,50.0,0.0
407936:2026-06-17T16:12:41Z,lincolnshire,2026-06-17,G-LHXA,DA42,ADV39,688.8,10010.6,75.0,0.0
407f58:2026-06-17T15:12:52Z,lincolnshire,2026-06-17,G-HMGF,B350,SRD224B,184.3,1496.3,25.0,0.0
43c8bd:2026-06-17T14:52:50Z,lincolnshire,2026-06-17,ZM310,G12T,PRF113,638.0,7121.7,150.0,0.0
407f71:2026-06-17T14:27:53Z,lincolnshire,2026-06-17,G-ZEAA,DA62,BRO067,204.7,2993.9,50.0,0.0
407939:2026-06-17T14:06:52Z,lincolnshire,2026-06-17,G-RVNR,P68,PLINE33,179.8,1218.0,150.0,0.0
402926:2026-06-17T12:20:32Z,lincolnshire,2026-06-17,G-BNOM,P28A,GBNOM,193.2,1999.5,125.0,0.0
402926:2026-06-17T12:20:32Z,lincolnshire,2026-06-17,G-BNOM,P28A,GBNOM,150.7,2960.5,150.0,0.0
402926:2026-06-17T12:20:32Z,lincolnshire,2026-06-17,G-BNOM,P28A,GBNOM,155.1,2010.5,75.0,0.0
43c8c1:2026-06-17T09:51:40Z,lincolnshire,2026-06-17,ZM314,G12T,PRF96,358.7,2005.4,125.0,0.0
43c8d8:2026-06-17T09:04:33Z,lincolnshire,2026-06-17,ZM337,E50P,CWL43,262.0,10009.7,150.0,0.0
401241:2026-06-20T14:22:41Z,lincolnshire,2026-06-20,G-IVII,RV7,GIVII,132.7,3860.8,125.0,1.0
402336:2026-06-20T14:16:28Z,lincolnshire,2026-06-20,G-VARG,MOR2,GVARG,168.8,2287.5,150.0,1.0
403038:2026-06-20T14:13:02Z,lincolnshire,2026-06-20,G-BRTP,C152,GBRTP,191.6,2345.0,150.0,1.0
403038:2026-06-20T14:13:02Z,lincolnshire,2026-06-20,G-BRTP,C152,GBRTP,175.6,2457.8,150.0,1.0
403038:2026-06-20T14:13:02Z,lincolnshire,2026-06-20,G-BRTP,C152,GBRTP,129.2,2629.7,125.0,1.0
404083:2026-06-20T14:00:57Z,lincolnshire,2026-06-20,G-EOHL,C182,GEOHL,322.0,2850.6,25.0,1.0
407744:2026-06-20T13:30:57Z,lincolnshire,2026-06-20,G-ELCH,AC11,GELCH,240.0,4076.3,25.0,0.0
401b4e:2026-06-20T13:20:29Z,lincolnshire,2026-06-20,G-BCEE,AA5,GBCEE,202.9,3716.7,100.0,0.0
403038:2026-06-20T12:50:24Z,lincolnshire,2026-06-20,G-BRTP,C152,GBRTP,170.0,3116.6,150.0,0.0
403038:2026-06-20T12:50:24Z,lincolnshire,2026-06-20,G-BRTP,C152,GBRTP,135.8,3283.2,150.0,0.0
403038:2026-06-20T12:50:24Z,lincolnshire,2026-06-20,G-BRTP,C152,GBRTP,135.5,3367.2,100.0,0.0
407d4e:2026-06-20T11:35:40Z,lincolnshire,2026-06-20,G-DWYP,NNJA,GDWYP,188.9,2791.1,150.0,1.0
401add:2026-06-20T10:42:42Z,lincolnshire,2026-06-20,G-BBKB,C150,GBBKB,134.7,985.2,150.0,1.0
40428b:2026-06-20T10:40:43Z,lincolnshire,2026-06-20,G-BZBF,C172,GBZBF,433.0,2248.2,100.0,1.0
40428b:2026-06-20T10:40:43Z,lincolnshire,2026-06-20,G-BZBF,C172,GBZBF,304.4,2050.8,100.0,1.0
40428b:2026-06-20T10:40:43Z,lincolnshire,2026-06-20,G-BZBF,C172,GBZBF,153.9,2275.0,100.0,1.0
401b4e:2026-06-20T10:16:59Z,lincolnshire,2026-06-20,G-BCEE,AA5,GBCEE,124.4,3498.0,0.0,0.0
403123:2026-06-20T07:45:47Z,lincolnshire,2026-06-20,G-GOSL,DR40,GGOSL,464.1,5985.0,0.0,1.0
400978:2026-06-25T23:11:45Z,lincolnshire,2026-06-25,G-FPLD,BE20,CLB423,333.9,7967.3,0.0,0.0
400978:2026-06-25T19:54:01Z,lincolnshire,2026-06-25,G-FPLD,BE20,CLB423,238.5,4992.3,0.0,0.0
401d6c:2026-06-25T16:40:17Z,lincolnshire,2026-06-25,G-BGBI,C150,GBGBI,273.0,2469.3,75.0,1.0
401d6c:2026-06-25T16:40:17Z,lincolnshire,2026-06-25,G-BGBI,C150,GBGBI,297.1,2593.6,150.0,1.0
43e7ed:2026-06-25T13:47:00Z,lincolnshire,2026-06-25,M-SURF,PC12,MSURF,250.1,10187.8,0.0,0.0
401b9a:2026-06-25T12:54:14Z,lincolnshire,2026-06-25,G-BCRL,P28A,GBCRL,142.5,3440.6,100.0,0.0
401b9a:2026-06-25T12:54:14Z,lincolnshire,2026-06-25,G-BCRL,P28A,GBCRL,236.0,2914.5,100.0,0.0
401b9a:2026-06-25T12:54:14Z,lincolnshire,2026-06-25,G-BCRL,P28A,GBCRL,179.0,2789.6,100.0,0.0
401b9a:2026-06-25T12:54:14Z,lincolnshire,2026-06-25,G-BCRL,P28A,GBCRL,122.5,2713.5,100.0,0.0
401b9a:2026-06-25T12:54:14Z,lincolnshire,2026-06-25,G-BCRL,P28A,GBCRL,179.1,1509.8,100.0,0.0
407936:2026-06-25T12:40:45Z,lincolnshire,2026-06-25,G-LHXA,DA42,ADV37,783.1,3972.6,125.0,1.0
43c8ba:2026-06-25T12:09:00Z,lincolnshire,2026-06-25,ZM307,G12T,PRF62,175.2,5254.8,150.0,1.0
43f7c3:2026-06-25T12:04:49Z,lincolnshire,2026-06-25,2-WKTP,B350,WKT28,339.2,17182.9,0.0,0.0
400f37:2026-06-25T10:53:29Z,lincolnshire,2026-06-25,G-RLMW,SIRA,GRLMW,164.7,4671.8,150.0,1.0
a18fb1:2026-06-25T10:31:12Z,lincolnshire,2026-06-25,N20AG,TB20,N20AG,136.3,2592.0,150.0,1.0
401ed9:2026-06-25T09:59:51Z,lincolnshire,2026-06-25,G-BIDH,C152,GBIDH,320.5,2453.1,75.0,1.0
400fab:2026-06-25T09:29:08Z,lincolnshire,2026-06-25,G-NDPA,C42,GNDPA,138.8,3323.1,150.0,1.0
400fab:2026-06-25T09:29:08Z,lincolnshire,2026-06-25,G-NDPA,C42,GNDPA,168.0,3508.9,150.0,1.0
43c8be:2026-06-25T09:19:57Z,lincolnshire,2026-06-25,ZM311,G12T,PRF70,165.7,5208.8,75.0,0.0
402c25:2026-06-25T09:19:33Z,lincolnshire,2026-06-25,G-BOYI,P28A,GBOYI,203.3,3091.4,50.0,1.0
401b9a:2026-06-25T08:46:14Z,lincolnshire,2026-06-25,G-BCRL,P28A,GBCRL,336.4,4054.7,100.0,0.0
401b9a:2026-06-25T08:46:14Z,lincolnshire,2026-06-25,G-BCRL,P28A,GBCRL,157.5,3881.7,100.0,0.0
401b9a:2026-06-25T08:46:14Z,lincolnshire,2026-06-25,G-BCRL,P28A,GBCRL,233.5,4035.5,100.0,0.0
401b9a:2026-06-25T08:46:14Z,lincolnshire,2026-06-25,G-BCRL,P28A,GBCRL,206.3,3667.4,100.0,0.0
401ae0:2026-06-25T08:33:21Z,lincolnshire,2026-06-25,G-BBKI,C172,GBBKI,218.8,2580.3,125.0,1.0
43c8d5:2026-06-25T07:16:11Z,lincolnshire,2026-06-25,ZM334,E50P,CWL51,456.3,6230.0,150.0,0.0
406cfe:2026-06-25T06:00:49Z,lincolnshire,2026-06-25,G-RMAV,C42,GRMAV,249.2,2283.2,125.0,1.0
401adc:2026-07-04T16:02:10Z,lincolnshire,2026-07-04,G-BBKA,C150,GBBKA,177.1,2144.3,100.0,1.0
4043c3:2026-07-04T15:36:57Z,lincolnshire,2026-07-04,G-GALB,P28A,GGALB,171.7,2835.8,100.0,0.0
4043c3:2026-07-04T15:36:57Z,lincolnshire,2026-07-04,G-GALB,P28A,GGALB,177.3,1781.9,100.0,0.0
4043c3:2026-07-04T15:36:57Z,lincolnshire,2026-07-04,G-GALB,P28A,GGALB,362.0,1880.5,100.0,0.0
401ed9:2026-07-04T14:14:44Z,lincolnshire,2026-07-04,G-BIDH,C152,GBIDH,280.6,2149.2,125.0,1.0
401ed9:2026-07-04T14:14:44Z,lincolnshire,2026-07-04,G-BIDH,C152,GBIDH,159.6,2278.6,125.0,1.0
4021f7:2026-07-04T13:27:50Z,lincolnshire,2026-07-04,G-HULL,C150,GHULL,127.5,2703.2,0.0,1.0
401ed9:2026-07-04T13:08:05Z,lincolnshire,2026-07-04,G-BIDH,C152,GBIDH,322.6,1944.8,150.0,1.0
40800d:2026-07-04T09:07:44Z,lincolnshire,2026-07-04,G-HMGH,B350,SRD224B,378.9,1506.2,150.0,1.0
4043c3:2026-07-04T07:42:46Z,lincolnshire,2026-07-04,G-GALB,P28A,GGALB,159.2,1850.0,100.0,1.0
4043c3:2026-07-04T07:42:46Z,lincolnshire,2026-07-04,G-GALB,P28A,GGALB,345.7,1953.0,100.0,1.0
43f795:2026-07-04T07:40:19Z,lincolnshire,2026-07-04,2-ANJA,BE20,2ANJA,138.9,2024.2,125.0,0.0
400a9c:2026-07-04T07:39:06Z,lincolnshire,2026-07-04,G-BTII,AA5,GBTII,159.4,5436.2,25.0,1.0
401d6c:2026-07-08T15:32:33Z,lincolnshire,2026-07-08,G-BGBI,C150,GBGBI,393.1,2026.9,150.0,1.0
a3d79d:2026-07-08T14:45:15Z,lincolnshire,2026-07-08,N347DC,S22T,N347DC,227.4,3523.2,125.0,0.85
4043c3:2026-07-08T14:18:06Z,lincolnshire,2026-07-08,G-GALB,P28A,GGALB,152.8,4184.8,100.0,1.0
4054fc:2026-07-08T13:35:19Z,lincolnshire,2026-07-08,G-RVCH,RV8,GRVCH,133.0,3164.0,75.0,1.0
401b9a:2026-07-08T12:55:57Z,lincolnshire,2026-07-08,G-BCRL,P28A,GBCRL,126.9,2906.8,100.0,0.0
4082f5:2026-07-08T12:17:51Z,lincolnshire,2026-07-08,G-ZEAC,DA62,BRO08T,132.2,1981.6,25.0,0.0
43c8c5:2026-07-08T11:57:03Z,lincolnshire,2026-07-08,ZM318,G12T,PRF37,228.5,4106.3,125.0,0.0
43c8c5:2026-07-08T11:57:03Z,lincolnshire,2026-07-08,ZM318,G12T,PRF37,185.5,4117.7,100.0,0.0
400c1f:2026-07-08T11:42:13Z,lincolnshire,2026-07-08,G-BGHJ,C172,GBGHJ,147.4,2944.4,0.0,0.0
43c8d5:2026-07-08T10:50:20Z,lincolnshire,2026-07-08,ZM334,E50P,CWL31,770.1,9174.4,75.0,0.0
404dc0:2026-07-08T10:25:56Z,lincolnshire,2026-07-08,G-CDJK,C42,GCDJK,148.9,1955.8,125.0,1.0
401d38:2026-07-08T10:22:55Z,lincolnshire,2026-07-08,G-BFSA,C182,GBFSA,164.0,3531.7,75.0,1.0
401d38:2026-07-08T10:22:55Z,lincolnshire,2026-07-08,G-BFSA,C182,GBFSA,213.7,3407.7,150.0,1.0
408018:2026-07-08T10:22:26Z,lincolnshire,2026-07-08,,,GCMSS,401.9,1935.1,100.0,1.0
407e40:2026-07-08T10:20:05Z,lincolnshire,2026-07-08,G-CMLL,RV12,GCMLL,272.2,2011.5,150.0,0.95
406697:2026-07-08T10:14:41Z,lincolnshire,2026-07-08,G-ELWK,RV12,GELWK,227.0,2482.3,100.0,1.0
a3d79d:2026-07-08T09:53:04Z,lincolnshire,2026-07-08,N347DC,S22T,N347DC,181.0,4581.7,0.0,0.0
401cb8:2026-07-08T09:24:39Z,lincolnshire,2026-07-08,G-BEZG,AA5,GBEZG,129.0,6214.2,125.0,1.0
401b9a:2026-07-08T08:31:38Z,lincolnshire,2026-07-08,G-BCRL,P28A,GBCRL,291.1,2677.7,100.0,0.0
401b9a:2026-07-08T08:31:38Z,lincolnshire,2026-07-08,G-BCRL,P28A,GBCRL,426.4,2487.2,100.0,0.0
401b9a:2026-07-08T08:31:38Z,lincolnshire,2026-07-08,G-BCRL,P28A,GBCRL,466.0,2573.8,100.0,0.0
401b9a:2026-07-08T08:31:38Z,lincolnshire,2026-07-08,G-BCRL,P28A,GBCRL,422.4,2505.8,100.0,0.0
43c8d4:2026-07-08T08:31:16Z,lincolnshire,2026-07-08,ZM333,E50P,CWL33,150.8,10170.8,100.0,0.0
4d24f3:2026-07-08T08:15:24Z,lincolnshire,2026-07-08,9H-PMN,C25A,AJO426,211.0,1997.3,50.0,0.0
40800d:2026-07-08T04:35:59Z,lincolnshire,2026-07-08,G-HMGH,B350,SRG224A,609.3,1970.7,100.0,0.0
401ed9:2026-07-11T15:24:05Z,lincolnshire,2026-07-11,G-BIDH,C152,GBIDH,317.1,1475.3,150.0,1.0
401b9a:2026-07-11T12:54:26Z,lincolnshire,2026-07-11,G-BCRL,P28A,GBCRL,232.2,1417.1,100.0,0.0
401b9a:2026-07-11T12:54:26Z,lincolnshire,2026-07-11,G-BCRL,P28A,GBCRL,328.9,1578.1,100.0,0.0
401b9a:2026-07-11T12:54:26Z,lincolnshire,2026-07-11,G-BCRL,P28A,GBCRL,160.8,1330.4,100.0,0.0
401b9a:2026-07-11T12:54:26Z,lincolnshire,2026-07-11,G-BCRL,P28A,GBCRL,212.8,1209.2,100.0,0.0
401b9a:2026-07-11T12:54:26Z,lincolnshire,2026-07-11,G-BCRL,P28A,GBCRL,424.5,2589.7,100.0,0.0
401add:2026-07-11T12:15:20Z,lincolnshire,2026-07-11,G-BBKB,C150,GBBKB,142.2,2575.2,150.0,1.0
4d24f3:2026-07-11T11:57:29Z,lincolnshire,2026-07-11,9H-PMN,C25A,AJO711,157.5,9264.6,50.0,0.0
404de5:2026-07-11T11:24:32Z,lincolnshire,2026-07-11,G-KELX,RV6,GKELX,127.7,1535.0,125.0,0.0
404462:2026-07-11T10:59:01Z,lincolnshire,2026-07-11,G-EWBC,JABI,GEWBC,282.1,3698.2,125.0,1.0
401f7a:2026-07-15T17:17:44Z,lincolnshire,2026-07-15,G-BIZG,C152,GBIZG,134.3,2592.4,125.0,1.0
401f7a:2026-07-15T17:17:44Z,lincolnshire,2026-07-15,G-BIZG,C152,GBIZG,159.6,2674.8,75.0,1.0
401add:2026-07-15T15:10:37Z,lincolnshire,2026-07-15,G-BBKB,C150,GBBKB,271.4,2894.5,125.0,1.0
401add:2026-07-15T15:10:37Z,lincolnshire,2026-07-15,G-BBKB,C150,GBBKB,175.7,2989.5,125.0,1.0
401add:2026-07-15T15:10:37Z,lincolnshire,2026-07-15,G-BBKB,C150,GBBKB,263.2,2890.3,125.0,1.0
401add:2026-07-15T14:18:48Z,lincolnshire,2026-07-15,G-BBKB,C150,GBBKB,144.7,2956.9,150.0,1.0
401add:2026-07-15T14:18:48Z,lincolnshire,2026-07-15,G-BBKB,C150,GBBKB,176.2,2951.5,125.0,1.0
401add:2026-07-15T14:18:48Z,lincolnshire,2026-07-15,G-BBKB,C150,GBBKB,385.3,2899.5,125.0,1.0
401add:2026-07-15T14:18:48Z,lincolnshire,2026-07-15,G-BBKB,C150,GBBKB,320.7,2921.1,150.0,1.0
43c8b7:2026-07-15T14:17:48Z,lincolnshire,2026-07-15,ZM304,G12T,PRF82,233.7,5221.4,125.0,0.0
4080bc:2026-07-15T12:10:15Z,lincolnshire,2026-07-15,G-CMTB,DA50,GCMTB,202.1,2371.1,150.0,0.0
4080bc:2026-07-15T11:28:04Z,lincolnshire,2026-07-15,G-CMTB,DA50,GCMTB,158.8,1890.1,125.0,0.0
4065e1:2026-07-15T11:16:16Z,lincolnshire,2026-07-15,G-MLXP,EUPA,GMLXP,129.6,4571.6,150.0,0.0
4065e1:2026-07-15T11:16:16Z,lincolnshire,2026-07-15,G-MLXP,EUPA,GMLXP,144.4,2933.1,150.0,0.0
403f20:2026-07-15T11:05:02Z,lincolnshire,2026-07-15,G-FMLY,AC11,GFMLY,124.2,5995.7,100.0,0.0
406024:2026-07-15T09:56:47Z,lincolnshire,2026-07-15,G-CGCH,CRUZ,GCGCH,154.9,1600.8,150.0,1.0
406024:2026-07-15T09:56:47Z,lincolnshire,2026-07-15,G-CGCH,CRUZ,GCGCH,179.9,1483.8,125.0,1.0
40825a:2026-07-15T08:32:50Z,lincolnshire,2026-07-15,,,GCMZB,562.5,1300.0,75.0,1.0
40818f:2026-07-15T08:32:35Z,lincolnshire,2026-07-15,G-CMVT,EFOX,GCMVT,537.5,1282.1,75.0,1.0
402ecc:2026-07-22T15:10:48Z,lincolnshire,2026-07-22,G-BRBP,C152,GBRBP,517.4,2166.1,125.0,1.0
43c8bd:2026-07-22T14:27:21Z,lincolnshire,2026-07-22,ZM310,G12T,CWL15,165.1,9336.0,150.0,0.16
43c8bd:2026-07-22T14:27:21Z,lincolnshire,2026-07-22,ZM310,G12T,CWL15,354.3,7349.9,50.0,0.0
4016a5:2026-07-22T13:50:28Z,lincolnshire,2026-07-22,G-ATXA,PA22,GATXA,195.8,1977.1,100.0,1.0
43c8be:2026-07-22T13:29:05Z,lincolnshire,2026-07-22,ZM311,G12T,PRF68,344.3,628.4,125.0,0.0
400e94:2026-07-22T13:25:07Z,lincolnshire,2026-07-22,G-BYWR,G115,POACH01,391.1,2144.9,150.0,0.0
401b9a:2026-07-22T12:35:49Z,lincolnshire,2026-07-22,G-BCRL,P28A,GBCRL,240.3,2327.9,100.0,0.0
401b9a:2026-07-22T12:35:49Z,lincolnshire,2026-07-22,G-BCRL,P28A,GBCRL,425.9,2380.3,100.0,0.0
401d6c:2026-07-22T12:16:01Z,lincolnshire,2026-07-22,G-BGBI,C150,GBGBI,251.7,2013.9,150.0,1.0
401d6c:2026-07-22T12:16:01Z,lincolnshire,2026-07-22,G-BGBI,C150,GBGBI,259.8,2383.7,150.0,1.0
407936:2026-07-22T12:13:13Z,lincolnshire,2026-07-22,G-LHXA,DA42,ADV32,253.9,5382.7,75.0,0.0
407936:2026-07-22T12:13:13Z,lincolnshire,2026-07-22,G-LHXA,DA42,ADV32,564.2,4062.2,125.0,0.0
406024:2026-07-22T11:22:17Z,lincolnshire,2026-07-22,G-CGCH,CRUZ,GCGCH,184.8,2099.8,150.0,1.0
401382:2026-07-22T11:17:23Z,lincolnshire,2026-07-22,G-SHMI,EV97,GSHMI,127.6,2172.8,75.0,1.0
406cac:2026-07-22T11:14:47Z,lincolnshire,2026-07-22,G-FLYO,EV97,GFLYO,220.9,1617.3,100.0,1.0
401d6c:2026-07-22T11:10:50Z,lincolnshire,2026-07-22,G-BGBI,C150,GBGBI,156.4,2008.9,150.0,1.0
401d6c:2026-07-22T11:10:50Z,lincolnshire,2026-07-22,G-BGBI,C150,GBGBI,234.6,2549.8,100.0,1.0
402b0f:2026-07-22T10:14:43Z,lincolnshire,2026-07-22,G-BOMP,P28A,GBOMP,607.6,2726.5,150.0,1.0
402926:2026-07-22T09:10:26Z,lincolnshire,2026-07-22,G-BNOM,P28A,GBNOM,659.2,4981.5,150.0,0.0
401b9a:2026-07-22T09:03:19Z,lincolnshire,2026-07-22,G-BCRL,P28A,GBCRL,186.2,1948.0,100.0,0.0
401b9a:2026-07-22T09:03:19Z,lincolnshire,2026-07-22,G-BCRL,P28A,GBCRL,120.8,2424.0,100.0,0.0
401b9a:2026-07-22T09:03:19Z,lincolnshire,2026-07-22,G-BCRL,P28A,GBCRL,227.1,2402.0,100.0,0.0
401b9a:2026-07-22T09:03:19Z,lincolnshire,2026-07-22,G-BCRL,P28A,GBCRL,210.6,3128.1,100.0,0.0
407936:2026-07-22T08:45:45Z,lincolnshire,2026-07-22,G-LHXA,DA42,ADV32,260.4,5362.0,75.0,0.0
407936:2026-07-22T08:45:45Z,lincolnshire,2026-07-22,G-LHXA,DA42,ADV32,344.8,3932.2,0.0,0.0
a134bf:2026-07-28T18:54:21Z,lincolnshire,2026-07-28,N177SA,C77R,N177SA,158.1,7063.0,0.0,0.0
43c8b8:2026-07-28T15:12:05Z,lincolnshire,2026-07-28,ZM305,G12T,CWL65,236.8,9061.3,75.0,0.0
43c8b8:2026-07-28T15:12:05Z,lincolnshire,2026-07-28,ZM305,G12T,CWL65,718.6,9068.0,100.0,0.0
401b9a:2026-07-28T11:58:59Z,lincolnshire,2026-07-28,G-BCRL,P28A,GBCRL,375.0,2986.2,100.0,0.49
401b9a:2026-07-28T11:58:59Z,lincolnshire,2026-07-28,G-BCRL,P28A,GBCRL,144.7,1691.2,100.0,1.0
401b9a:2026-07-28T11:58:59Z,lincolnshire,2026-07-28,G-BCRL,P28A,GBCRL,162.8,1648.2,100.0,1.0
43c8d5:2026-07-28T10:19:56Z,lincolnshire,2026-07-28,ZM334,E50P,SCPTR1,987.6,10067.3,50.0,0.0
43c8d5:2026-07-28T10:19:56Z,lincolnshire,2026-07-28,ZM334,E50P,SCPTR1,375.3,10189.7,50.0,0.0
401add:2026-07-28T10:09:10Z,lincolnshire,2026-07-28,G-BBKB,C150,GBBKB,327.8,2243.1,125.0,1.0
407939:2026-07-28T10:07:49Z,lincolnshire,2026-07-28,G-RVNR,P68,PLINE33,133.6,1183.1,125.0,0.0
407939:2026-07-28T10:07:49Z,lincolnshire,2026-07-28,G-RVNR,P68,PLINE33,231.0,1280.0,150.0,0.0
407939:2026-07-28T10:07:49Z,lincolnshire,2026-07-28,G-RVNR,P68,PLINE33,133.3,1479.9,150.0,0.0
407939:2026-07-28T10:07:49Z,lincolnshire,2026-07-28,G-RVNR,P68,PLINE33,193.5,1020.1,150.0,0.0
407936:2026-07-28T08:55:34Z,lincolnshire,2026-07-28,G-LHXA,DA42,ADV32,236.3,5008.3,75.0,0.0
407936:2026-07-28T08:55:34Z,lincolnshire,2026-07-28,G-LHXA,DA42,ADV32,147.2,1963.0,125.0,0.0
407936:2026-07-28T08:55:34Z,lincolnshire,2026-07-28,G-LHXA,DA42,ADV32,209.7,1899.4,150.0,0.0
407936:2026-07-28T08:55:34Z,lincolnshire,2026-07-28,G-LHXA,DA42,ADV32,493.0,10132.8,100.0,0.0
401b9a:2026-07-28T08:08:50Z,lincolnshire,2026-07-28,G-BCRL,P28A,GBCRL,165.3,6244.4,100.0,0.0
401b9a:2026-07-28T08:08:50Z,lincolnshire,2026-07-28,G-BCRL,P28A,GBCRL,123.8,6157.2,100.0,0.0
3e2ade:2026-07-28T07:54:13Z,lincolnshire,2026-07-28,D-IHKW,C525,DIHKW,322.0,25082.9,0.0,0.0
3e2ade:2026-07-28T07:54:13Z,lincolnshire,2026-07-28,D-IHKW,C525,DIHKW,151.8,25082.9,0.0,0.0
43c8d8:2026-07-28T07:51:16Z,lincolnshire,2026-07-28,ZM337,E50P,CWL132,120.5,9085.0,0.0,0.0
401c14:2026-07-28T07:13:24Z,lincolnshire,2026-07-28,G-BDRD,C150,GBDRD,221.7,2027.9,100.0,1.0
400ef5:2026-03-21T16:26:57Z,shropshire,2026-03-21,G-BYVY,G115,UAY10,151.9,5151.4,125.0,1.0
400ea9:2026-03-21T15:57:13Z,shropshire,2026-03-21,G-BYXL,G115,UAY81,281.5,4760.0,150.0,1.0
402ee6:2026-03-21T14:02:44Z,shropshire,2026-03-21,G-BRBD,P28A,GBRBD,291.4,2235.7,75.0,1.0
402956:2026-03-21T12:18:02Z,shropshire,2026-03-21,G-BNSN,C152,GBNSN,208.7,5167.2,50.0,0.0
4021ea:2026-03-21T11:04:52Z,shropshire,2026-03-21,G-HALL,PA22,GHALL,123.9,3532.1,150.0,0.0
408084:2026-03-28T17:31:37Z,shropshire,2026-03-28,G-CMTG,P28A,GCMTG,120.9,2781.7,100.0,1.0
408084:2026-04-04T12:59:46Z,shropshire,2026-04-04,G-CMTG,P28A,GCMTG,133.0,3440.3,125.0,1.0
408084:2026-04-04T12:59:46Z,shropshire,2026-04-04,G-CMTG,P28A,GCMTG,130.3,2235.2,100.0,1.0
401c9b:2026-04-04T12:31:22Z,shropshire,2026-04-04,G-BEUX,C172,GBEUX,141.7,2588.2,100.0,1.0
40415f:2026-04-04T10:43:34Z,shropshire,2026-04-04,G-RICO,AA5,GRICO,169.8,1966.3,100.0,0.79
408084:2026-04-11T10:27:49Z,shropshire,2026-04-11,G-CMTG,P28A,GCMTG,289.1,3709.1,100.0,1.0
408084:2026-04-11T08:35:15Z,shropshire,2026-04-11,G-CMTG,P28A,GCMTG,241.6,3056.7,150.0,1.0
4045be:2026-04-15T17:03:37Z,shropshire,2026-04-15,G-CBAN,BDOG,GCBAN,196.0,1982.6,75.0,0.0
40794f:2026-04-15T12:36:55Z,shropshire,2026-04-15,G-FITC,PC12,GFITC,280.1,22856.7,75.0,0.0
400ea7:2026-04-15T12:32:41Z,shropshire,2026-04-15,G-BYXJ,G115,UAY93,171.8,1856.9,125.0,0.0
400ea7:2026-04-15T10:46:20Z,shropshire,2026-04-15,G-BYXJ,G115,UAY93,289.2,4031.2,150.0,0.0
400ea7:2026-04-15T10:05:23Z,shropshire,2026-04-15,G-BYXJ,G115,UAY93,139.8,2635.0,150.0,0.0
400ea7:2026-04-15T09:15:37Z,shropshire,2026-04-15,G-BYXJ,G115,UAY93,174.2,2105.8,150.0,0.0
40218e:2026-04-22T10:39:30Z,shropshire,2026-04-22,G-GSYL,P28U,GGSYL,208.4,4624.7,75.0,1.0
400e94:2026-04-22T09:45:54Z,shropshire,2026-04-22,G-BYWR,G115,UAY80,184.4,4207.8,125.0,0.0
4cae89:2026-04-22T09:26:13Z,shropshire,2026-04-22,EI-RYN,TWEN,EIRYN,177.5,10341.1,0.0,0.0
408084:2026-05-03T16:09:28Z,shropshire,2026-05-03,G-CMTG,P28A,GCMTG,141.5,2255.1,100.0,1.0
408084:2026-05-03T11:52:59Z,shropshire,2026-05-03,G-CMTG,P28A,GCMTG,166.2,2569.3,100.0,1.0
402fff:2026-05-09T14:42:50Z,shropshire,2026-05-09,G-BRPV,C152,GBRPV,172.2,2586.5,150.0,0.0
402fff:2026-05-09T14:42:50Z,shropshire,2026-05-09,G-BRPV,C152,GBRPV,140.5,2508.1,150.0,0.48
401c9b:2026-05-09T11:00:37Z,shropshire,2026-05-09,G-BEUX,C172,GBEUX,143.3,2313.6,100.0,1.0
4031ae:2026-05-09T07:55:33Z,shropshire,2026-05-09,G-BSED,PA22,GBSED,298.1,3104.4,100.0,1.0
4082d5:2026-05-16T15:02:04Z,shropshire,2026-05-16,,,GCOSM,138.1,2182.4,150.0,1.0
4082d5:2026-05-16T15:02:04Z,shropshire,2026-05-16,,,GCOSM,125.5,1853.6,150.0,1.0
4082d5:2026-05-16T15:02:04Z,shropshire,2026-05-16,,,GCOSM,274.1,1750.5,150.0,1.0
400eb1:2026-05-16T14:31:41Z,shropshire,2026-05-16,G-BYXX,G115,UAY81,135.8,3157.7,100.0,1.0
400ebb:2026-05-16T13:56:11Z,shropshire,2026-05-16,G-BYWF,G115,UAY10,195.7,3764.8,150.0,1.0
402c7a:2026-05-16T12:34:29Z,shropshire,2026-05-16,G-BPBK,C152,GBPBK,170.8,2436.9,125.0,1.0
400eb1:2026-05-16T10:25:43Z,shropshire,2026-05-16,G-BYXX,G115,UAY88,298.4,1495.6,150.0,1.0
400ea0:2026-05-16T10:06:36Z,shropshire,2026-05-16,G-BYXC,G115,UAY81,130.0,2318.5,150.0,1.0
400eb1:2026-05-16T08:45:11Z,shropshire,2026-05-16,G-BYXX,G115,UAY15,183.4,1641.9,150.0,1.0
4066a1:2026-05-20T14:55:38Z,shropshire,2026-05-20,G-UFOE,G115,GUFOE,221.0,2677.7,100.0,1.0
408084:2026-05-28T16:12:30Z,shropshire,2026-05-28,G-CMTG,P28A,GCMTG,149.6,2494.4,125.0,1.0
403bc5:2026-05-28T13:54:31Z,shropshire,2026-05-28,G-LORR,P28A,GLORR,307.4,3163.4,125.0,0.0
402002:2026-05-28T12:12:47Z,shropshire,2026-05-28,G-WACU,C152,GWACU,256.1,2926.2,50.0,0.0
406792:2026-05-28T11:27:06Z,shropshire,2026-05-28,G-RVAH,RV7,GRVAH,211.0,3608.3,75.0,0.87
403bc5:2026-05-28T09:09:02Z,shropshire,2026-05-28,G-LORR,P28A,GLORR,442.6,3121.7,125.0,0.0
402183:2026-06-03T10:33:20Z,shropshire,2026-06-03,G-FOZO,C150,GFOZO,155.7,1775.4,100.0,1.0
424b12:2026-06-03T06:51:17Z,shropshire,2026-06-03,M-CDBM,BE20,VSB01,231.2,22648.4,25.0,0.0
408084:2026-06-07T16:23:52Z,shropshire,2026-06-07,G-CMTG,P28A,GCMTG,266.8,3157.0,150.0,1.0
408084:2026-06-07T16:23:52Z,shropshire,2026-06-07,G-CMTG,P28A,GCMTG,185.4,3263.8,75.0,1.0
402632:2026-06-07T13:33:53Z,shropshire,2026-06-07,G-BMGB,P28R,GBMGB,173.1,3203.8,50.0,0.18
401df4:2026-06-07T12:21:02Z,shropshire,2026-06-07,G-BGVV,AA5,GBGVV,291.4,2079.4,125.0,1.0
401df4:2026-06-07T12:21:02Z,shropshire,2026-06-07,G-BGVV,AA5,GBGVV,244.2,1924.8,150.0,1.0
404a30:2026-06-13T16:59:09Z,shropshire,2026-06-13,G-KEVX,JAB4,GKEVX,574.7,2652.1,125.0,0.08
401c9b:2026-06-13T16:48:09Z,shropshire,2026-06-13,G-BEUX,C172,GBEUX,187.1,2147.8,100.0,1.0
4050d2:2026-06-13T14:23:25Z,shropshire,2026-06-13,G-WSSX,C42,GWSSX,186.8,3293.1,150.0,1.0
3d5ea4:2026-06-13T11:18:26Z,shropshire,2026-06-13,D-FICA,PC6T,DFICA,534.6,3491.0,50.0,1.0
4045be:2026-06-13T10:02:34Z,shropshire,2026-06-13,G-CBAN,BDOG,GCBAN,184.2,2026.5,150.0,0.64
40497e:2026-06-13T07:21:05Z,shropshire,2026-06-13,G-CCFO,PTS1,GEJMK,237.9,2466.2,150.0,1.0
4031ae:2026-06-17T14:24:53Z,shropshire,2026-06-17,G-BSED,PA22,GBSED,398.1,2621.0,100.0,0.0
4040ba:2026-06-17T14:09:23Z,shropshire,2026-06-17,G-FLOR,EUPA,GFLOR,324.3,2142.5,100.0,0.0
401c9b:2026-06-20T19:24:53Z,shropshire,2026-06-20,G-BEUX,C172,GBEUX,126.0,2894.2,100.0,1.0
402002:2026-06-20T15:55:10Z,shropshire,2026-06-20,G-WACU,C152,GWACU,394.1,2467.2,100.0,1.0
408084:2026-06-20T14:53:09Z,shropshire,2026-06-20,G-CMTG,P28A,GCMTG,330.1,3730.9,75.0,1.0
a809a8:2026-06-20T14:42:40Z,shropshire,2026-06-20,N617KH,S22T,N617KH,238.5,1886.5,150.0,1.0
4082d5:2026-06-20T14:39:50Z,shropshire,2026-06-20,,,GCOSM,232.9,2061.8,150.0,1.0
4082d5:2026-06-20T14:39:50Z,shropshire,2026-06-20,,,GCOSM,366.4,2247.4,150.0,1.0
408303:2026-06-20T14:14:20Z,shropshire,2026-06-20,G-CNAX,SIRA,GCNAX,150.9,3288.6,150.0,1.0
408084:2026-06-20T13:43:02Z,shropshire,2026-06-20,G-CMTG,P28A,GCMTG,223.5,4290.3,150.0,1.0
408084:2026-06-20T13:43:02Z,shropshire,2026-06-20,G-CMTG,P28A,GCMTG,129.2,3640.4,50.0,1.0
4040f3:2026-06-20T13:25:12Z,shropshire,2026-06-20,G-EDGI,P28A,GEDGI,121.9,3023.3,100.0,1.0
407772:2026-06-20T12:38:32Z,shropshire,2026-06-20,G-IGET,SKRA,GIGET,342.3,2423.7,150.0,1.0
4020e5:2026-06-20T11:18:03Z,shropshire,2026-06-20,G-BLLO,PA18,GBLLO,130.1,2028.2,125.0,1.0
402fff:2026-06-20T11:13:28Z,shropshire,2026-06-20,G-BRPV,C152,GBRPV,522.3,2974.4,100.0,1.0
406326:2026-06-20T11:08:59Z,shropshire,2026-06-20,G-JKEL,RV7,GJKEL,203.6,2473.8,50.0,1.0
a19d5e:2026-06-20T09:56:06Z,shropshire,2026-06-20,N203CD,SR20,N203CD,262.5,2279.4,100.0,1.0
402771:2026-06-20T09:46:01Z,shropshire,2026-06-20,G-OBMS,,GOBMS,160.9,2241.5,100.0,1.0
400ad4:2026-06-20T07:48:00Z,shropshire,2026-06-20,G-RVIX,RV9,GRVIX,164.2,3446.2,100.0,1.0
401c9b:2026-06-25T12:40:39Z,shropshire,2026-06-25,G-BEUX,C172,GBEUX,163.5,2062.7,100.0,0.0
401c9b:2026-06-25T12:40:39Z,shropshire,2026-06-25,G-BEUX,C172,GBEUX,168.3,2633.3,100.0,1.0
407ffd:2026-07-04T18:54:08Z,shropshire,2026-07-04,G-TUGD,EFOX,GTUGD,179.8,1961.5,75.0,1.0
4082d5:2026-07-04T18:07:44Z,shropshire,2026-07-04,,,GCOSM,186.8,2693.4,150.0,1.0
4082d5:2026-07-04T18:07:44Z,shropshire,2026-07-04,,,GCOSM,332.2,2735.1,150.0,1.0
4050d2:2026-07-04T17:02:51Z,shropshire,2026-07-04,G-WSSX,C42,GWSSX,201.2,1534.8,100.0,1.0
4082d5:2026-07-04T16:25:38Z,shropshire,2026-07-04,,,GCOSM,302.5,2558.2,150.0,1.0
4082d5:2026-07-04T16:25:38Z,shropshire,2026-07-04,,,GCOSM,146.0,2455.1,150.0,1.0
4082d5:2026-07-04T16:25:38Z,shropshire,2026-07-04,,,GCOSM,405.3,2331.3,150.0,1.0
4082d5:2026-07-08T16:10:39Z,shropshire,2026-07-08,,,GCOSM,142.4,3103.5,150.0,1.0
408303:2026-07-08T15:28:54Z,shropshire,2026-07-08,G-CNAX,SIRA,GCNAX,175.9,3979.8,50.0,0.0
407092:2026-07-08T13:14:48Z,shropshire,2026-07-08,G-DANP,RV7,GDANP,121.9,2289.4,125.0,1.0
401c9b:2026-07-08T11:48:09Z,shropshire,2026-07-08,G-BEUX,C172,GBEUX,146.2,2392.7,100.0,1.0
400eb1:2026-07-08T11:33:33Z,shropshire,2026-07-08,G-BYXX,G115,UAY93,357.4,3669.8,150.0,0.0
400ea6:2026-07-08T11:27:47Z,shropshire,2026-07-08,G-BYXI,G115,UAY17,129.8,2756.1,150.0,0.64
405eb5:2026-07-08T11:18:54Z,shropshire,2026-07-08,G-SPCZ,CRUZ,GSPCZ,120.9,2258.2,125.0,1.0
400eb1:2026-07-08T10:50:26Z,shropshire,2026-07-08,G-BYXX,G115,UAY93,228.7,3388.4,150.0,0.0
400eb1:2026-07-08T10:04:40Z,shropshire,2026-07-08,G-BYXX,G115,UAY93,299.7,3614.3,125.0,0.0
400eb1:2026-07-08T10:04:40Z,shropshire,2026-07-08,G-BYXX,G115,UAY93,149.9,3683.0,150.0,0.0
400eb1:2026-07-08T10:04:40Z,shropshire,2026-07-08,G-BYXX,G115,UAY93,258.6,3597.5,150.0,0.0
400eb1:2026-07-08T09:22:02Z,shropshire,2026-07-08,G-BYXX,G115,UAY93,206.1,3804.7,150.0,0.0
402b62:2026-07-11T17:01:46Z,shropshire,2026-07-11,G-BOSE,P28A,GBOSE,377.1,4807.6,125.0,0.07
407205:2026-07-11T16:54:18Z,shropshire,2026-07-11,G-CJOM,EFOX,GCJOM,215.6,4990.5,50.0,1.0
4080ab:2026-07-11T16:40:25Z,shropshire,2026-07-11,G-CMTD,EFOX,GCMTD,148.2,4993.4,150.0,1.0
408077:2026-07-11T16:37:36Z,shropshire,2026-07-11,G-GFUN,EFOX,GGFUN,163.9,5054.6,25.0,1.0
a90767:2026-07-11T15:41:16Z,shropshire,2026-07-11,N681EW,C182,N681EW,184.1,3256.6,25.0,1.0
403f6a:2026-07-11T15:40:58Z,shropshire,2026-07-11,G-RVET,RV6,GRVET,153.0,2382.7,25.0,1.0
401b65:2026-07-11T11:10:34Z,shropshire,2026-07-11,G-BCGS,P28R,GBCGS,120.8,1854.8,150.0,0.0
aa3b8b:2026-07-11T10:55:09Z,shropshire,2026-07-11,N759AU,C182,N759AU,123.2,5429.0,150.0,1.0
404363:2026-07-11T09:45:43Z,shropshire,2026-07-11,G-BZMB,P28R,GBZMB,326.3,2421.5,100.0,1.0
402c19:2026-07-11T09:32:28Z,shropshire,2026-07-11,G-BRDD,CP10,GBRDD,195.2,2888.5,75.0,1.0
401aee:2026-07-11T09:06:56Z,shropshire,2026-07-11,G-BBMO,DHC1,GBBMO,398.6,2325.1,100.0,1.0
401a35:2026-07-11T08:57:31Z,shropshire,2026-07-11,G-BASJ,P28A,GBASJ,185.8,3595.9,50.0,0.0
408243:2026-07-11T08:02:09Z,shropshire,2026-07-11,G-CXDE,EFOX,GCXDE,222.3,2181.9,75.0,1.0
404854:2026-07-11T07:39:06Z,shropshire,2026-07-11,G-GYAT,GY80,GGYAT,225.2,3189.5,25.0,1.0
407ae3:2026-07-11T07:23:15Z,shropshire,2026-07-11,G-VXXY,AP32,GVXXY,166.5,2545.4,100.0,1.0
4031bc:2026-07-15T13:58:18Z,shropshire,2026-07-15,G-BSDP,C152,GBSDP,121.7,4102.3,150.0,0.0
40218e:2026-07-15T12:43:09Z,shropshire,2026-07-15,G-GSYL,P28U,GGSYL,124.5,2318.1,125.0,1.0
401382:2026-07-15T12:40:09Z,shropshire,2026-07-15,G-SHMI,EV97,GSHMI,242.2,4272.1,75.0,0.0
400ea0:2026-07-15T10:57:35Z,shropshire,2026-07-15,G-BYXC,G115,UAY83,122.6,2330.6,150.0,0.0
407e3a:2026-07-15T09:55:20Z,shropshire,2026-07-15,G-SOLE,C25M,VCG1LE,173.4,19334.9,0.0,0.0
400ea6:2026-07-15T08:48:21Z,shropshire,2026-07-15,G-BYXI,G115,UAY10,570.3,5175.3,150.0,0.0
402002:2026-07-22T14:27:18Z,shropshire,2026-07-22,G-WACU,C152,GWACU,323.5,2634.1,75.0,1.0
404385:2026-07-22T14:00:02Z,shropshire,2026-07-22,G-BZGY,CR10,GBZGY,193.3,2928.4,150.0,1.0
402bf6:2026-07-22T10:30:28Z,shropshire,2026-07-22,G-LBRC,P28T,GLBRC,382.8,2632.4,75.0,0.0
408084:2026-07-22T09:55:41Z,shropshire,2026-07-22,G-CMTG,P28A,GCMTG,444.8,1993.6,125.0,1.0
400ea0:2026-07-22T09:41:59Z,shropshire,2026-07-22,G-BYXC,G115,UAY81,146.0,2518.8,75.0,0.0
400ea0:2026-07-22T09:41:59Z,shropshire,2026-07-22,G-BYXC,G115,UAY81,222.7,2719.9,150.0,0.0
40264a:2026-07-28T15:37:18Z,shropshire,2026-07-28,G-LARK,ZZZZ,GLARK,176.1,2436.7,150.0,0.52
40264a:2026-07-28T15:37:18Z,shropshire,2026-07-28,G-LARK,ZZZZ,GLARK,160.5,2665.0,150.0,0.0
40264a:2026-07-28T15:37:18Z,shropshire,2026-07-28,G-LARK,ZZZZ,GLARK,220.4,2770.3,150.0,0.0
400ea0:2026-07-28T15:17:15Z,shropshire,2026-07-28,G-BYXC,G115,UAY93,203.9,3634.0,150.0,0.0
400ea0:2026-07-28T15:17:15Z,shropshire,2026-07-28,G-BYXC,G115,UAY93,132.5,4364.2,125.0,0.0
400ecc:2026-07-28T15:14:24Z,shropshire,2026-07-28,G-BYUH,G115,UAY10,296.0,6206.6,150.0,0.0
400ecc:2026-07-28T15:14:24Z,shropshire,2026-07-28,G-BYUH,G115,UAY10,201.1,6010.4,50.0,0.0
400ecc:2026-07-28T15:14:24Z,shropshire,2026-07-28,G-BYUH,G115,UAY10,297.1,6181.8,150.0,0.0
400ecc:2026-07-28T13:14:50Z,shropshire,2026-07-28,G-BYUH,G115,UAY10,136.7,3541.4,150.0,0.0
401c9b:2026-07-28T12:37:56Z,shropshire,2026-07-28,G-BEUX,C172,GBEUX,163.3,3153.2,100.0,1.0
406dab:2026-07-28T12:31:33Z,shropshire,2026-07-28,G-SPRX,RV4,GSPRX,231.4,2634.1,125.0,0.0
400ecc:2026-07-28T11:51:20Z,shropshire,2026-07-28,G-BYUH,G115,UAY10,130.5,3238.4,150.0,0.0
403fa5:2026-07-28T11:04:53Z,shropshire,2026-07-28,G-RADI,P28A,GRADI,272.1,2926.9,100.0,0.0
403fa5:2026-07-28T11:04:53Z,shropshire,2026-07-28,G-RADI,P28A,GRADI,121.5,2879.9,50.0,0.0
