flight_id,barrier,group,icao_type,registration,callsign,start_airport,start_elev,end_airport,end_elev,date,crest_clearance_ft,crest_lat,crest_lon,crest_terr_ft,terr_max_ft,alt20_msl_ft,max_msl_over_ft,counterfactual_ft,class,climb_start_km_before,chord_km,in_km,n_sub,sl_terr_max_ft,act_terr_dem_ft,ap_start_km,ap_end_km,d_pre_km,day_traffic
407501:2025-01-30T13:55:55Z,CAMB,trap,SR22,G-KYLA,GKYLA,EGBP,433.0,EGBP,433.0,2025-01-30,4606.1,52.4354,-3.4341,1769.3,1769.3,6374.0,6376.0,4604.7,pre-planned high,,46.3,60.4,1,1807.9,1741.4,100.3,103.9,283.0,13
4077b9:2025-01-30T13:53:04Z,CAMB,trap,RV14,G-STRV,GSTRV,EGFH,299.0,EGCV,275.0,2025-01-30,4060.4,52.2379,-3.5496,1908.9,1908.9,5980.3,5973.4,4071.4,pre-planned high,,38.2,38.2,1,2150.1,2150.1,58.9,40.0,66.7,13
4077b9:2025-01-30T10:53:36Z,CAMB,trap,RV14,G-STRV,GSTRV,EGCV,275.0,EGFE,159.0,2025-01-30,4712.8,52.5264,-3.31,669.2,1801.3,5048.7,6574.6,3247.4,pre-planned high,,58.2,58.2,1,2764.6,2764.6,37.6,78.9,49.0,13
403bc5:2025-03-15T10:10:52Z,CAMB,trap,P28A,G-LORR,GLORR,EGCV,275.0,EGFP,15.0,2025-03-15,2120.4,52.4513,-3.4087,1678.8,1766.6,5966.1,6674.4,4199.5,pre-planned high,,55.0,55.2,1,2764.6,2764.6,39.2,54.7,58.1,11
4077c5:2025-04-03T11:02:20Z,CAMB,trap,BE33,G-EEWA,GEEWA,EGHJ,53.0,EGCK,1.0,2025-04-03,3475.8,52.4334,-3.3106,1569.0,1569.0,5042.2,5097.8,3473.2,pre-planned high,,40.4,40.4,1,1877.8,1877.8,225.3,51.6,261.5,6
4077c5:2025-04-01T13:35:02Z,CAMB,trap,BE33,G-EEWA,GEEWA,EGCK,1.0,EGHJ,53.0,2025-04-01,3410.6,52.5551,-3.6803,1677.4,1677.4,5266.9,5251.6,3589.5,pre-planned high,,61.9,61.9,1,2255.9,2310.3,51.7,224.7,56.8,15
40216d:2025-04-01T13:20:51Z,CAMB,trap,P28A,G-CLEA,GCLEA,EGCK,1.0,EGBP,433.0,2025-04-01,2335.9,52.5358,-3.5046,1269.1,1516.7,4265.6,4363.6,2748.9,pre-planned high,,42.2,42.5,1,2098.6,2098.6,51.6,99.2,73.1,15
407d4a:2025-04-27T15:56:36Z,CAMB,trap,RV8,G-PWII,GPWII,EGFP,15.0,EGCV,275.0,2025-04-27,2093.6,52.2403,-3.5491,1915.3,1915.3,4033.4,4175.3,2118.1,pre-planned high,,39.9,39.9,1,2150.1,2150.1,54.7,40.0,69.6,7
404df5:2025-04-26T10:40:12Z,CAMB,trap,RV8,G-SOUT,GSOUT,EGCV,275.0,EGFP,15.0,2025-04-26,4615.4,52.4329,-3.3105,1313.5,1586.4,5450.0,6309.8,3863.6,pre-planned high,,41.5,41.8,4,2479.3,2479.3,36.7,54.2,20.8,5
c0607d:2025-04-24T17:13:45Z,CAMB,trap,SC7,C-GKOA,CGKOA,EGBJ,101.0,EGVN,288.0,2025-04-24,2386.7,52.6764,-3.6152,1644.5,1644.5,3977.9,4184.4,2333.4,pre-planned high,,28.4,28.5,2,1673.8,1673.8,83.2,124.1,111.8,12
a7dc8f:2025-05-16T06:30:10Z,CAMB,trap,BE55,N60526,N60526,EGTR,332.0,EIWT,150.0,2025-05-16,3598.1,52.6828,-3.9299,2145.1,2145.1,5610.8,5756.5,3465.7,pre-planned high,,48.9,49.0,1,3521.5,3521.5,212.2,184.4,225.2,15
402ba3:2025-05-15T13:53:49Z,CAMB,trap,C182,G-BOTH,GBOTH,EGJB,336.0,EGNH,34.0,2025-05-15,4079.1,52.6769,-3.578,1320.9,1589.4,5566.7,5880.0,3977.2,pre-planned high,,61.1,61.5,5,2479.3,2678.5,306.4,120.7,244.8,11
4037df:2025-05-15T10:27:51Z,CAMB,trap,RV6,G-VANZ,GVANZ,EGCV,275.0,EGCV,275.0,2025-05-15,1899.9,52.447,-3.3524,1241.8,1241.8,2601.0,3269.8,1359.2,pre-planned high,,39.0,40.9,1,1807.9,1807.9,38.9,38.2,85.0,11
40465e:2025-05-15T09:41:55Z,CAMB,trap,RV6,G-GDRV,GGDRV,EGCK,1.0,EGBJ,101.0,2025-05-15,4348.6,52.6635,-3.6245,1534.2,1534.2,5886.1,5883.3,4351.9,pre-planned high,,36.2,36.2,1,1652.2,1652.2,51.7,82.0,72.4,11
40198a:2025-05-14T15:47:41Z,CAMB,trap,C77R,G-AZTF,GAZTF,EGBD,175.0,EGFE,159.0,2025-05-14,3009.2,52.1572,-3.6628,1490.9,1490.9,4512.5,4515.0,3021.6,pre-planned high,,25.5,25.5,1,2045.0,1729.4,115.0,76.0,151.1,16
403bc5:2025-05-13T15:31:00Z,CAMB,trap,P28A,G-LORR,GLORR,EGCV,275.0,EGCV,275.0,2025-05-13,3239.7,52.6366,-3.3034,938.7,1373.1,4069.8,5091.1,2696.6,pre-planned high,,43.8,45.2,1,1902.4,1902.4,39.6,37.2,47.1,5
406ca1:2025-07-16T13:01:26Z,CAMB,trap,RV10,G-TOPP,GTOPP,EGBG,469.0,EGBT,448.0,2025-07-16,3361.5,52.5688,-3.5951,1445.8,1590.9,5015.2,5011.4,3424.3,pre-planned high,,47.8,47.8,1,2255.9,2255.9,152.3,152.0,325.4,15
4046c4:2025-10-08T10:53:40Z,CAMB,trap,RV7,G-RVEM,GRVEM,EGCK,1.0,EGBT,448.0,2025-10-08,3813.0,52.4544,-3.303,1591.3,1591.3,5417.6,5412.4,3826.4,pre-planned high,,32.8,33.0,1,1673.8,1673.8,51.6,152.1,74.0,9
408259:2025-10-28T14:41:27Z,CAMB,trap,PA34,G-HUWW,GHUWW,EGBJ,101.0,EGBJ,101.0,2025-10-28,1922.9,52.1764,-3.3677,1368.7,1368.7,3179.4,3309.0,1810.7,pre-planned high,,35.6,37.6,1,1807.9,1533.2,82.9,83.2,126.7,4
4050c0:2026-03-04T16:41:57Z,CAMB,trap,P28A,G-CIFY,GCIFY,EGCK,1.0,EGBJ,101.0,2026-03-04,5089.8,52.6821,-3.5581,1310.2,1310.2,4281.8,6406.9,2971.7,pre-planned high,,25.7,25.7,2,1673.8,1673.8,51.6,82.3,22.3,9
4050c0:2026-03-04T14:34:53Z,CAMB,trap,P28A,G-CIFY,GCIFY,EGBJ,101.0,EGCK,1.0,2026-03-04,4785.2,52.6861,-3.5841,1600.9,1600.9,6406.5,6399.7,4805.6,pre-planned high,,28.1,28.1,2,1673.8,1673.8,82.9,51.7,108.5,9
407bae:2026-03-23T08:55:52Z,CAMB,trap,RV9,G-CMDM,GCMDM,EGCK,1.0,EGBS,318.0,2026-03-23,3075.8,52.6785,-3.6132,1651.1,1651.1,4742.9,4747.5,3091.8,pre-planned high,,32.1,32.1,2,1673.8,1673.8,51.6,26.2,70.0,14
407bae:2026-04-19T07:53:36Z,CAMB,trap,RV9,G-CMDM,GCMDM,EGCK,1.0,EGTW,250.0,2026-04-19,4617.8,52.4404,-3.3109,1537.6,1537.6,6157.8,6157.0,4620.2,pre-planned high,,39.0,39.0,1,1652.2,1674.9,51.7,105.9,64.1,13
4cae08:2026-05-10T13:53:43Z,CAMB,trap,C210,EI-BUF,EIBUF,EGLD,249.0,EIAB,195.0,2026-05-10,5248.9,52.3334,-3.7491,1789.1,1789.1,7031.6,7039.0,5242.6,pre-planned high,,43.4,43.6,2,2764.6,2764.6,203.0,263.9,215.8,7
4080c9:2026-05-25T13:37:45Z,CAMB,trap,DA62,G-ZEAB,BRO61,EGNR,45.0,EGTK,270.0,2026-05-25,1997.0,52.4584,-3.3353,1524.3,1524.3,3521.2,3521.4,1996.9,pre-planned high,,59.6,59.7,1,1807.9,1533.2,57.9,140.4,59.1,16
4050c0:2026-06-21T08:51:33Z,CAMB,trap,P28A,G-CIFY,GCIFY,EGBJ,101.0,EGCK,1.0,2026-06-21,4027.8,52.6655,-3.6651,1419.5,1448.5,5476.1,5546.8,4027.7,pre-planned high,,38.7,38.7,1,2098.6,2098.6,82.8,51.7,100.8,21
40694b:2026-07-11T12:23:40Z,CAMB,trap,C42,G-CHVY,GCHVY,EGCK,1.0,EGBS,318.0,2026-07-11,2576.6,52.5962,-3.4825,1191.8,1317.8,4373.1,4275.0,3055.3,pre-planned high,,34.5,34.9,5,1673.8,1673.8,51.6,29.7,22.0,12
3ff4d3:2026-07-10T08:55:32Z,CAMB,trap,DAL4,D-MMDF,DMSJR,EGFH,299.0,EGCV,275.0,2026-07-10,2132.2,52.2592,-3.447,1425.2,1425.2,3774.8,3628.7,2349.6,pre-planned high,,30.8,30.8,1,1807.9,1807.9,61.6,36.8,78.2,24
402e3a:2026-07-09T08:28:12Z,CAMB,trap,C172,G-BPVA,GBPVA,EGCB,73.0,EGFE,159.0,2026-07-09,4124.5,52.376,-3.7416,1863.7,1863.7,5371.5,6118.7,3507.8,pre-planned high,,64.0,64.2,2,2776.4,2776.4,103.3,79.6,126.9,14
407a10:2026-07-08T10:27:32Z,CAMB,trap,RV14,G-JGRV,GJGRV,EGCV,275.0,EGFH,299.0,2026-07-08,3791.1,52.233,-3.5016,1699.3,1699.3,5381.3,5492.6,3682.0,pre-planned high,,33.5,33.5,1,2150.1,2150.1,36.9,62.7,60.1,17
406bc9:2026-07-08T09:44:32Z,CAMB,trap,RV6,G-CIFL,GCIFL,EGCB,73.0,EGFH,299.0,2026-07-08,2510.2,52.2132,-3.6334,1887.0,1887.0,4443.8,4521.4,2556.8,pre-planned high,,58.5,58.6,4,2479.3,2479.3,104.9,62.1,115.1,17
4073dd:2026-07-08T09:43:58Z,CAMB,trap,RV6,G-RKID,GRKID,EGCB,73.0,EGFH,299.0,2026-07-08,2408.6,52.2133,-3.6336,1888.2,1888.2,4387.5,4567.6,2499.3,pre-planned high,,57.2,57.3,4,2479.3,2479.3,104.8,61.8,115.9,17
a35a5e:2026-07-30T09:19:35Z,CAMB,trap,M20P,N315L,N315L,EGFF,220.0,EGCK,1.0,2026-07-30,4614.1,52.6899,-3.9119,2498.0,2498.0,7175.1,7183.9,4677.2,pre-planned high,,70.2,70.2,2,3521.5,3521.5,83.8,51.7,95.4,11
4cae40:2026-07-30T08:06:26Z,CAMB,trap,DR40,EI-GRR,EIGRR,EIHH,250.0,EGHR,98.0,2026-07-30,2828.0,52.4194,-3.4373,1855.8,2348.2,6066.9,5892.3,3718.7,pre-planned high,,58.2,58.5,1,3521.5,3521.5,211.7,232.2,219.1,11
4046c4:2025-05-17T15:05:29Z,LAKE,trap,RV7,G-RVEM,GRVEM,EGNH,34.0,EGCB,73.0,2025-05-17,1362.0,54.4529,-3.1673,2725.5,3059.3,5913.3,5983.7,2854.0,pre-planned high,,35.4,36.5,1,2958.8,2958.8,58.8,95.3,92.5,14
402a10:2025-05-16T15:36:10Z,LAKE,trap,P28A,G-BNZZ,GBNZZ,EGCJ,26.0,EGCJ,26.0,2025-05-16,4429.6,54.3124,-2.8842,-143.6,1655.8,6348.5,6575.0,4692.8,pre-planned high,,31.4,60.2,3,2602.1,2690.2,116.2,115.9,144.0,17
400978:2025-06-25T20:42:17Z,LAKE,trap,BE20,G-FPLD,CLB314,EGNV,120.0,EGNV,120.0,2025-06-25,3945.4,54.3917,-3.1225,2518.0,2518.0,6465.0,6464.3,3947.0,pre-planned high,,35.0,35.4,1,2370.2,2370.2,85.0,86.1,110.6,6
400978:2025-06-25T20:42:17Z,LAKE,trap,BE20,G-FPLD,CLB314,EGNV,120.0,EGNV,120.0,2025-06-25,3934.5,54.392,-3.1216,2514.3,2514.3,6450.3,6449.6,3935.9,pre-planned high,,35.0,35.3,1,2370.2,2370.2,85.0,86.1,575.7,6
400978:2025-06-25T20:42:17Z,LAKE,trap,BE20,G-FPLD,CLB314,EGNV,120.0,EGNV,120.0,2025-06-25,3933.8,54.392,-3.1225,2512.9,2512.9,6647.6,6446.9,4134.7,pre-planned high,,32.9,33.2,1,2370.2,2370.2,85.0,86.1,657.0,6
400978:2025-06-25T20:42:17Z,LAKE,trap,BE20,G-FPLD,CLB314,EGNV,120.0,EGNV,120.0,2025-06-25,3899.3,54.3917,-3.1221,2534.9,2534.9,6436.8,6434.5,3901.8,pre-planned high,,35.4,35.9,1,2370.2,2370.2,85.0,86.1,1119.2,6
4071e8:2025-08-10T10:37:47Z,LAKE,trap,SR20,G-LENZ,GLENZ,EGGP,80.0,EGPJ,399.0,2025-08-10,2904.6,54.5435,-2.9204,2076.4,2076.4,5017.2,4985.0,2940.8,pre-planned high,,43.6,43.6,1,2424.3,2424.3,107.6,165.5,109.4,4
400cc3:2025-08-06T06:24:28Z,LAKE,trap,PA24,G-AZWY,GAZWY,EGPK,65.0,EGNE,91.0,2025-08-06,2344.3,54.5631,-3.0153,2651.1,2651.1,5031.4,5522.4,2380.3,pre-planned high,,47.9,48.5,1,2690.2,2690.2,121.3,164.3,132.2,17
4cac97:2025-08-31T10:13:15Z,LAKE,trap,DA62,EI-TCN,VOR09,EGKA,7.0,EGPK,65.0,2025-08-31,5170.6,54.5184,-3.0849,1782.1,1782.1,4776.8,6979.9,2994.8,pre-planned high,,51.6,51.6,1,2503.7,2503.7,423.3,120.6,437.2,3
43ed7d:2025-09-17T14:36:52Z,LAKE,trap,S22T,2-FFLY,2FFLY,EGPG,350.0,EGBB,327.0,2025-09-17,5936.3,54.4673,-2.9165,1895.7,1895.7,7810.9,7837.1,5915.2,pre-planned high,,44.6,44.6,1,2548.4,2548.4,148.1,214.9,157.9,4
401b9a:2025-10-12T10:59:48Z,LAKE,trap,P28A,G-BCRL,GBCRL,EGNV,120.0,EGNV,120.0,2025-10-12,2507.4,54.5848,-3.0052,1592.6,1594.6,4300.0,4400.0,2705.4,pre-planned high,,38.2,39.7,3,2648.0,2690.2,85.5,84.2,27.1,4
43eb3e:2025-10-08T08:53:16Z,LAKE,trap,S22T,2-CYFR,2CYFR,EGNH,34.0,EGPF,26.0,2025-10-08,3604.5,54.5716,-3.2852,2382.3,2382.3,6014.8,6011.0,3632.5,pre-planned high,,34.0,34.0,3,2958.8,2958.8,58.7,148.9,60.8,6
4009ca:2025-11-21T13:41:57Z,LAKE,trap,FA20,G-FRAH,ASPRIN45,EGPK,65.0,EGNV,120.0,2025-11-21,3995.4,54.4812,-2.9971,2225.9,2225.9,6373.7,6425.4,4147.8,pre-planned high,,41.0,45.7,1,2666.9,2650.9,121.2,86.4,139.7,10
4009ca:2025-11-20T14:04:23Z,LAKE,trap,FA20,G-FRAH,ASPRIN44,EGPK,65.0,EGNV,120.0,2025-11-20,3655.8,54.5087,-3.0087,2590.2,2590.2,6286.0,6272.1,3695.8,pre-planned high,,38.0,38.5,1,2690.2,2650.9,122.0,86.3,151.9,4
4016bf:2026-01-03T09:55:15Z,LAKE,trap,C182,G-AVDA,GAVDA,EGPJ,399.0,EGBT,448.0,2026-01-03,1914.1,54.4629,-3.1168,2274.6,2274.6,4200.0,4200.0,1925.4,pre-planned high,,47.3,47.3,3,2666.9,2666.9,164.8,276.0,32.5,4
a8d6bc:2025-12-30T10:15:06Z,LAKE,trap,SR22,N669MA,N669MA,EGNH,34.0,EGNH,34.0,2025-12-30,2194.6,54.4935,-3.2632,1595.7,1595.7,3800.0,3800.0,2204.3,pre-planned high,,33.4,33.4,6,2958.8,2958.8,58.8,58.7,52.3,6
4070f4:2026-01-20T12:16:28Z,LAKE,trap,DA62,G-GBAS,VOR05,EGKA,7.0,EGPK,65.0,2026-01-20,2989.3,54.3667,-3.1363,2361.6,2361.6,4614.5,5374.9,2252.9,pre-planned high,,30.9,32.4,1,2370.2,2370.2,422.9,123.2,434.5,1
a97b80:2026-02-14T09:28:07Z,LAKE,trap,S22T,N71UK,N71UK,EGGP,80.0,EGGP,80.0,2026-02-14,2207.4,54.464,-2.8273,2295.7,2295.7,4502.5,4503.8,2206.8,pre-planned high,,39.5,44.2,1,2602.1,2602.1,107.6,107.6,173.0,29
406b54:2026-02-12T12:35:15Z,LAKE,trap,S22T,G-JRSH,GJRSH,EGBE,267.0,EGPK,65.0,2026-02-12,2307.5,54.5716,-3.2736,2748.3,2748.3,5038.5,5056.7,2290.1,pre-planned high,,38.3,38.3,1,2666.9,2666.9,231.8,119.4,247.0,6
a5d3a6:2026-03-03T10:24:16Z,LAKE,trap,P28R,N47494,N47494,EGNH,34.0,EGPK,65.0,2026-03-03,5240.5,54.5385,-3.1004,1676.2,1676.2,6915.5,6917.1,5239.3,pre-planned high,,51.7,51.7,1,2572.9,2572.9,58.9,119.8,72.4,22
40804b:2026-04-19T08:36:11Z,LAKE,trap,S22T,G-GOMC,GGOMC,EGNH,34.0,EGNH,34.0,2026-04-19,3788.1,54.5627,-3.0199,2211.9,2211.9,3404.5,6000.0,1192.6,pre-planned high,,42.9,43.7,2,2690.2,2690.2,58.8,58.9,23.6,6
4010d5:2026-07-12T13:10:46Z,LAKE,trap,C172,G-BMCI,GBMCI,EGCV,275.0,EGPJ,399.0,2026-07-12,3921.3,54.4678,-2.9369,2499.2,2499.2,6204.6,6423.0,3705.4,pre-planned high,,42.9,43.0,1,2548.4,2548.4,162.0,165.2,174.4,21
402a10:2026-07-09T13:09:59Z,LAKE,trap,P28A,G-BNZZ,GBNZZ,EGCJ,26.0,EGCJ,26.0,2026-07-09,4983.0,54.3606,-3.14,2132.1,2132.1,7093.7,7143.6,4961.6,pre-planned high,,35.0,35.2,2,2370.2,2370.2,115.9,116.1,123.5,14
407bb6:2026-07-09T05:33:33Z,LAKE,trap,EVSS,G-CLZO,GCLZO,EGNU,86.0,EGAD,9.0,2026-07-09,4743.3,54.4482,-3.2236,3086.6,3086.6,7789.4,7865.2,4702.8,pre-planned high,,35.5,35.5,1,2958.8,2958.8,128.5,155.2,134.6,14
402927:2026-07-08T14:32:32Z,LAKE,trap,P28A,G-BNOJ,GBNOJ,EGNH,34.0,EGNH,34.0,2026-07-08,2442.4,54.4695,-2.9268,1953.8,1953.8,3922.7,4520.0,1968.9,pre-planned high,,43.7,44.4,4,2548.4,2424.3,58.8,58.4,64.1,14
40821c:2026-07-08T10:41:50Z,LAKE,control,C172,G-VNEC,GVNEC,EGNM,681.0,EGNM,681.0,2026-07-08,3108.5,54.4663,-2.8318,2285.2,2285.2,5403.0,5398.7,3117.8,pre-planned high,,27.0,29.2,1,2602.1,2602.1,85.8,87.0,150.9,14
403f76:2026-07-30T13:36:00Z,LAKE,trap,PA32,G-BXWP,GBXWP,EGPK,65.0,EGBT,448.0,2026-07-30,3176.8,54.5121,-2.9747,2713.5,2808.8,5938.8,6299.1,3130.1,pre-planned high,,48.4,48.6,1,2690.2,2690.2,121.2,276.2,133.1,7
4083a2:2026-07-29T19:05:23Z,LAKE,control,SR22,G-LUMI,GLUMI,EGPK,65.0,EGKB,598.0,2026-07-29,4295.0,54.6557,-3.1447,2726.2,2726.2,7020.9,7047.7,4294.7,pre-planned high,,38.8,38.9,1,2690.2,2690.2,121.4,382.5,133.9,10
4083a2:2026-07-29T14:05:24Z,LAKE,control,SR22,G-LUMI,GLUMI,EGKB,598.0,EGPK,65.0,2026-07-29,5131.4,54.6537,-3.1459,2834.1,2834.1,7976.6,7978.6,5142.5,pre-planned high,,38.7,38.7,1,2690.2,2690.2,382.8,119.4,466.6,10
406833:2025-01-08T13:21:30Z,PENN,trap,DR40,G-CHOE,GCHOE,EGNE,91.0,EGNH,34.0,2025-01-08,1527.1,53.683,-1.9922,1234.3,1280.8,2862.0,2873.6,1581.3,pre-planned high,,33.9,34.1,1,1537.0,1537.0,48.0,58.9,58.1,35
406833:2025-01-08T11:02:11Z,PENN,trap,DR40,G-CHOE,GCHOE,EGNH,34.0,EGNE,91.0,2025-01-08,1592.2,53.6948,-2.0244,1220.8,1220.8,3039.9,2908.0,1819.1,pre-planned high,,34.1,34.3,1,1537.0,1537.0,57.8,50.3,62.7,35
4055b7:2025-01-07T13:34:17Z,PENN,control,BE20,G-JASS,BRO36P,EGCC,257.0,EGNM,681.0,2025-01-07,4682.9,53.656,-1.7042,540.7,1559.8,5341.5,7532.5,3781.7,pre-planned high,,32.2,32.3,1,1877.5,1877.5,7.2,3.1,38.1,33
407fd9:2025-01-10T15:34:21Z,PENN,trap,DA42,G-OTST,GOTST,EGNE,91.0,EGNO,55.0,2025-01-10,1803.6,53.6432,-2.042,1542.3,1542.3,3345.1,3345.9,1802.8,pre-planned high,,28.8,29.1,1,1548.4,1548.4,48.2,46.4,58.5,30
407fd9:2025-01-10T09:54:28Z,PENN,trap,DA42,G-OTST,GOTST,EGNO,55.0,EGNE,91.0,2025-01-10,1916.4,53.6504,-1.9943,1410.0,1410.0,3301.6,3326.4,1891.6,pre-planned high,,30.3,30.7,1,1548.4,1548.4,48.4,50.1,49.3,30
402142:2025-01-09T14:22:13Z,PENN,trap,PA38,G-LFSA,GLFSA,EGGP,80.0,EGCJ,26.0,2025-01-09,567.7,53.7793,-1.8914,1139.5,1372.6,2698.9,2859.5,1326.3,pre-planned high,,29.4,29.8,1,1537.0,1537.0,47.5,33.8,86.0,42
3ce690:2025-01-09T13:28:46Z,PENN,control,PC24,D-COPS,PTN86V,EGCC,257.0,EGNM,681.0,2025-01-09,5327.9,53.6566,-1.7047,552.2,1632.5,6106.4,7891.1,4473.9,pre-planned high,,34.2,34.5,1,1877.5,1877.5,7.5,3.4,36.3,42
407bdd:2025-01-09T11:53:05Z,PENN,control,AT76,G-CMJL,EAG1MR,EGAC,15.0,EGNM,681.0,2025-01-09,4985.8,53.7045,-1.7261,461.4,1301.3,7875.2,7111.3,6573.9,pre-planned high,,27.4,27.4,1,1478.2,1478.2,251.2,3.0,530.1,42
440d39:2025-01-09T10:47:54Z,PENN,control,C25B,OE-GSF,JVW224,EHAM,-11.0,EGNM,681.0,2025-01-09,4910.8,53.7052,-1.7303,492.2,1380.4,7869.0,6935.6,6488.7,pre-planned high,,29.1,29.1,1,1436.9,1436.9,455.7,3.0,1027.8,42
402975:2025-01-09T10:39:32Z,PENN,trap,P28T,G-GFRA,RVR28T,EGGP,80.0,EGGP,80.0,2025-01-09,903.5,53.5378,-1.8682,1822.5,1838.8,2761.9,3055.6,923.2,reactive climb,-26.2,38.6,52.4,6,1625.2,2067.5,47.6,43.0,73.7,42
406534:2025-01-29T11:18:44Z,PENN,trap,EV97,G-CGVT,GCGVT,EGCB,73.0,EGCJ,26.0,2025-01-29,1006.8,53.6206,-2.0004,1557.9,1557.9,1570.6,2940.1,12.6,proactive climb,10.7,27.9,29.5,1,1604.1,1548.4,15.7,31.5,28.2,44
407b00:2025-01-30T16:06:00Z,PENN,trap,DA40,G-DPAZ,GDPAZ,EGCJ,26.0,EGNH,34.0,2025-01-30,662.1,53.7324,-2.0976,1331.6,1331.6,2817.6,2760.5,1486.0,pre-planned high,,28.9,29.1,1,1537.0,1537.0,32.0,56.9,43.7,43
407b00:2025-01-30T14:42:57Z,PENN,trap,DA40,G-DPAZ,GDPAZ,EGNH,34.0,EGCJ,26.0,2025-01-30,1260.0,53.7321,-2.0982,1298.1,1298.1,2565.3,2791.1,1267.2,pre-planned high,,29.5,29.5,1,1537.0,1537.0,58.5,31.7,66.6,43
401f22:2025-01-30T11:59:42Z,PENN,trap,C172,G-BIOB,GBIOB,EGTF,80.0,EGTF,80.0,2025-01-30,1005.2,53.6048,-1.9946,1378.5,1378.5,1880.7,2443.7,502.1,reactive climb,0.0,37.5,37.6,1,1548.4,1548.4,231.6,231.2,359.9,43
4077c9:2025-02-02T11:06:20Z,PENN,trap,ULAC,G-CLDA,GCLDA,EGCV,275.0,EGCJ,26.0,2025-02-02,1715.3,53.6454,-2.0421,1491.8,1491.8,3207.1,3253.8,1715.3,pre-planned high,,29.9,29.9,1,1548.4,1548.4,67.1,31.5,121.9,59
48ebed:2025-02-22T17:23:22Z,PENN,trap,DA62,,2SALE,EGNJ,121.0,EGNH,34.0,2025-02-22,1476.6,53.7608,-2.13,1532.8,1532.8,2790.8,3014.7,1258.0,pre-planned high,,30.2,30.3,1,1537.0,1537.0,88.8,56.8,90.1,72
405f6f:2025-02-22T14:33:01Z,PENN,trap,CRUZ,G-SCPI,GSCPI,EGCJ,26.0,EGCB,73.0,2025-02-22,572.3,53.594,-2.0637,1234.4,1491.1,2002.9,2574.6,511.8,reactive climb,0.9,31.1,31.1,1,1548.4,1548.4,32.2,16.0,35.6,72
40299c:2025-02-22T13:09:38Z,PENN,trap,C172,G-BNTP,GBNTP,EGCB,73.0,EGCS,58.0,2025-02-22,1001.0,53.5968,-1.9872,1452.0,1452.0,1615.1,2828.3,163.1,proactive climb,14.3,28.7,30.9,2,1689.4,1689.4,16.9,70.4,28.3,72
405f6f:2025-02-22T12:45:55Z,PENN,trap,CRUZ,G-SCPI,GSCPI,EGCB,73.0,EGCJ,26.0,2025-02-22,998.7,53.6144,-2.001,1580.6,1580.6,725.0,2667.0,-855.6,proactive climb,21.3,31.0,31.0,2,1548.4,1548.4,15.7,32.2,22.4,72
40328d:2025-02-22T11:12:39Z,PENN,trap,P28R,G-HALC,GHALC,EGCB,73.0,EGCS,58.0,2025-02-22,824.7,53.6327,-2.0277,1344.1,1344.1,1908.0,2633.2,563.9,no climb,,30.1,30.4,1,1548.4,1548.4,16.3,69.4,38.1,72
40686b:2025-02-22T08:47:29Z,PENN,control,C56X,G-GAAL,LNX05AL,EGCC,257.0,EGNM,681.0,2025-02-22,4395.9,53.685,-1.7075,346.2,1497.5,5006.9,7853.8,3509.4,pre-planned high,,34.8,37.2,1,1604.1,1548.4,8.6,2.9,35.7,72
406f33:2025-02-20T09:10:28Z,PENN,control,SR22,G-GCVV,GGCVV,EGBB,327.0,EGNM,681.0,2025-02-20,2280.2,53.9012,-1.8443,1236.7,1236.7,7799.0,7802.3,6562.4,pre-planned high,,40.4,41.4,1,1296.2,1296.2,94.9,1.5,141.5,48
405f6f:2025-03-11T14:51:21Z,PENN,trap,CRUZ,G-SCPI,GSCPI,EGCJ,26.0,EGCB,73.0,2025-03-11,645.7,53.5921,-2.0624,1254.1,1425.6,2022.7,2525.4,597.1,reactive climb,7.7,31.3,31.3,1,1548.4,1548.4,32.2,15.8,35.4,25
402975:2025-03-11T10:45:31Z,PENN,trap,P28U,G-GFRA,RVR28T,EGGP,80.0,EGGP,80.0,2025-03-11,1222.8,53.5318,-1.9195,1646.0,1720.9,2744.2,3057.0,1023.3,pre-planned high,,35.7,58.8,6,1625.2,2052.2,45.7,44.1,68.8,25
4078d7:2025-03-10T15:59:19Z,PENN,trap,F406,G-RVLG,REV6LG,EGNX,306.0,EGNX,306.0,2025-03-10,1894.9,53.388,-1.7337,1276.7,1961.8,3097.4,4056.0,1135.6,pre-planned high,,58.6,58.9,1,2024.7,2024.7,58.9,56.9,65.5,25
4078d7:2025-03-10T15:59:19Z,PENN,trap,F406,G-RVLG,REV6LG,EGNX,306.0,EGNX,306.0,2025-03-10,1590.1,53.3052,-1.898,1245.1,1509.8,4021.1,4064.6,2511.3,pre-planned high,,52.2,53.5,1,1694.2,1832.6,58.9,56.9,232.2,25
405fb0:2025-03-15T14:16:49Z,PENN,trap,RV8,G-GORV,GGORV,EGCJ,26.0,EGOW,37.0,2025-03-15,1421.3,53.5982,-1.9954,1439.0,1443.4,2782.1,2899.2,1338.8,pre-planned high,,28.5,28.6,1,1548.4,1548.4,31.9,59.9,40.0,54
400d86:2025-03-15T14:16:07Z,PENN,trap,RV7,G-CCVM,GCCVM,EGCJ,26.0,EGOW,37.0,2025-03-15,1174.1,53.6299,-2.052,1361.3,1361.3,2350.5,2609.0,989.2,no climb,,28.6,28.6,1,1548.4,1548.4,31.8,59.7,35.6,54
401dd0:2025-03-15T13:01:22Z,PENN,trap,P28A,G-BGPJ,GBGPJ,EGOW,37.0,EGOW,37.0,2025-03-15,802.1,53.6123,-2.0011,1460.5,1477.2,2730.5,2513.8,1253.3,pre-planned high,,28.4,28.6,3,1548.4,1548.4,60.3,59.6,63.3,54
401dd0:2025-03-15T13:01:22Z,PENN,trap,P28A,G-BGPJ,GBGPJ,EGOW,37.0,EGOW,37.0,2025-03-15,1573.2,53.6373,-1.9034,1199.7,1303.3,2314.9,3126.5,1011.6,pre-planned high,,31.4,34.8,3,1537.0,1537.0,60.3,59.6,114.8,54
404cdc:2025-03-15T09:08:20Z,PENN,trap,E200,G-TWOO,GTWOO,EGCB,73.0,EGNW,63.0,2025-03-15,453.0,53.599,-1.9913,1443.8,1443.8,1327.5,1908.9,-116.3,no climb,,26.4,26.9,1,1877.5,1689.4,16.2,88.9,25.9,54
407fd9:2025-03-13T09:25:04Z,PENN,trap,DA42,G-OTST,GOTST,EGNO,55.0,EGNE,91.0,2025-03-13,1526.8,53.6479,-2.0392,1448.0,1448.0,2982.8,3022.0,1534.8,pre-planned high,,29.7,30.3,1,1548.4,1548.4,47.9,50.1,83.5,37
403ebd:2025-03-16T18:23:38Z,PENN,trap,DR40,G-DUDZ,GDUDZ,EGNH,34.0,EGCJ,26.0,2025-03-16,1094.6,53.7488,-2.1223,1478.9,1478.9,3102.5,2666.1,1623.7,pre-planned high,,29.3,29.3,1,1537.0,1537.0,58.0,32.2,59.7,37
400f21:2025-04-02T14:16:51Z,PENN,control,P32R,G-HDEW,GHDEW,EGNM,681.0,EGHQ,390.0,2025-04-02,1547.4,53.4691,-1.7334,1728.3,1728.3,2984.5,4648.1,1256.2,pre-planned high,,28.8,28.8,3,1747.2,1747.2,2.7,376.9,33.8,34
4046c4:2025-04-01T13:54:14Z,PENN,trap,RV7,G-RVEM,GRVEM,EGSV,194.0,EGCB,73.0,2025-04-01,993.0,53.6244,-2.0745,836.5,1709.5,4446.9,2810.9,2737.4,pre-planned high,,31.3,35.4,1,1877.5,1877.5,207.4,16.1,219.2,42
4046c4:2025-04-01T09:00:56Z,PENN,trap,RV7,G-RVEM,GRVEM,EGCB,73.0,EGSV,194.0,2025-04-01,975.6,53.5856,-2.1484,631.1,1784.4,86.8,2822.1,-1697.6,proactive climb,21.1,32.0,35.7,1,2024.7,2024.7,15.8,204.5,21.1,42
aa3b8b:2025-03-31T11:03:34Z,PENN,trap,C182,N759AU,N759AU,EGCB,73.0,EGCB,73.0,2025-03-31,1230.1,53.7581,-2.1306,1560.5,1560.5,2222.6,2815.8,662.0,proactive climb,20.2,26.0,26.0,2,1603.5,1603.5,16.0,16.1,39.3,59
402e3a:2025-03-31T09:32:59Z,PENN,trap,C172,G-BPVA,GBPVA,EGCB,73.0,EGBN,138.0,2025-03-31,1042.4,53.4663,-1.8113,1922.5,1922.5,1446.8,3172.5,-475.7,proactive climb,13.8,38.0,41.3,1,2052.0,2024.7,16.0,59.2,25.8,59
4046ad:2025-04-05T09:50:54Z,PENN,trap,P28A,G-GURU,GGURU,EGCB,73.0,EGCJ,26.0,2025-04-05,975.3,53.6757,-2.0016,1341.0,1356.1,1699.6,3116.5,343.5,proactive climb,17.7,30.2,30.7,1,1478.2,1478.2,15.5,31.2,44.8,37
40732c:2025-04-06T15:04:09Z,PENN,trap,P32R,G-CPMW,GCPMW,EGNT,266.0,EGBO,283.0,2025-04-06,859.4,53.3848,-1.852,2035.8,2035.8,2885.3,3005.4,849.5,no climb,,71.5,75.8,3,2067.5,2067.5,120.2,85.0,127.8,63
407f84:2025-04-06T12:49:34Z,PENN,trap,C42,G-GHST,GGHST,EGBN,138.0,EGCB,73.0,2025-04-06,901.2,53.4683,-1.7429,1678.1,1678.1,2262.3,2963.8,584.2,no climb,,37.3,51.7,1,2052.0,1742.1,57.4,16.1,65.6,63
407f40:2025-04-06T12:40:10Z,PENN,trap,C42,G-KSMC,GKSMC,EGCJ,26.0,EGCB,73.0,2025-04-06,643.6,53.6239,-2.0038,1484.3,1484.3,1511.0,2431.8,26.6,proactive climb,19.4,29.0,29.2,2,1548.4,1548.4,31.6,15.7,39.6,63
407f40:2025-04-06T10:59:07Z,PENN,trap,C42,G-KSMC,GKSMC,EGCB,73.0,EGCJ,26.0,2025-04-06,717.7,53.6182,-1.971,1465.2,1480.6,11.2,2471.1,-1469.4,proactive climb,20.9,30.4,30.6,2,1548.4,1548.4,16.1,32.1,21.0,63
407f84:2025-04-06T10:26:48Z,PENN,trap,C42,G-GHST,GGHST,EGCB,73.0,EGBN,138.0,2025-04-06,1002.0,53.6232,-1.9976,1223.0,1307.5,790.4,2494.0,-517.1,no climb,,37.7,48.9,3,2024.7,1742.1,16.1,58.4,24.3,63
aa3b8b:2025-04-06T09:36:34Z,PENN,trap,C182,N759AU,N759AU,EGCB,73.0,EGCB,73.0,2025-04-06,1409.6,53.7448,-2.1187,1478.3,1478.3,2807.3,3086.2,1329.0,pre-planned high,,31.1,35.2,1,1556.7,1537.0,15.8,16.2,56.6,63
aa3b8b:2025-04-06T09:36:34Z,PENN,trap,C182,N759AU,N759AU,EGCB,73.0,EGCB,73.0,2025-04-06,1010.7,53.7443,-2.1033,1373.1,1440.1,2914.2,2551.7,1474.1,pre-planned high,,32.0,32.7,1,1537.0,1537.0,15.8,16.2,180.4,63
406bc9:2025-04-23T15:00:20Z,PENN,trap,RV6,G-CIFL,GCIFL,EGCJ,26.0,EGCB,73.0,2025-04-23,1098.9,53.6543,-1.893,1052.1,1345.2,1975.0,2875.0,629.8,reactive climb,-13.6,30.0,53.7,2,1548.4,1548.4,32.0,16.2,36.1,35
407b23:2025-04-23T14:25:41Z,PENN,trap,RV7,G-JSUE,GJSUE,EGNU,86.0,EGCB,73.0,2025-04-23,1298.6,53.6139,-2.0004,1466.8,1466.8,2287.9,2827.9,821.1,reactive climb,7.9,27.7,27.7,1,1548.4,1548.4,55.4,15.6,71.4,35
407b23:2025-04-23T13:20:51Z,PENN,trap,RV7,G-JSUE,GJSUE,EGCB,73.0,EGNU,86.0,2025-04-23,1243.7,53.6228,-2.0025,1584.4,1584.4,1588.4,2828.0,4.0,proactive climb,20.3,27.4,27.5,1,1548.4,1548.4,16.1,54.0,29.0,35
406bc9:2025-04-23T08:42:20Z,PENN,trap,RV6,G-CIFL,GCIFL,EGCB,73.0,EGCJ,26.0,2025-04-23,972.6,53.6252,-2.0285,1361.6,1361.6,626.4,2502.0,-735.2,proactive climb,20.7,30.7,30.8,1,1548.4,1548.4,15.9,31.4,21.5,35
400f21:2025-04-22T10:04:30Z,PENN,control,P32R,G-HDEW,GHDEW,EGNM,681.0,EGHQ,390.0,2025-04-22,1304.8,53.4671,-1.7275,1723.6,1723.6,2994.9,3649.0,1271.2,pre-planned high,,29.4,29.4,2,1747.2,1747.2,2.0,376.9,36.3,55
407f40:2025-04-25T13:24:12Z,PENN,trap,C42,G-KSMC,GKSMC,EGNE,91.0,EGCB,73.0,2025-04-25,686.7,53.5745,-1.9337,1328.1,1532.7,2058.6,2475.9,525.8,proactive climb,13.2,30.3,31.4,1,1877.5,1877.5,49.6,16.3,59.1,57
407b23:2025-04-25T11:06:06Z,PENN,trap,RV7,G-JSUE,GJSUE,EGSR,226.0,EGCB,73.0,2025-04-25,1642.4,53.6929,-2.1441,1470.5,1470.5,3073.1,3141.7,1602.6,pre-planned high,,34.0,40.8,1,1548.4,1537.0,225.2,15.7,246.2,57
424c7b:2025-04-24T14:29:19Z,PENN,trap,PA34,M-MANX,MMANX,EGCJ,26.0,EGNS,52.0,2025-04-24,1548.7,53.7446,-2.1194,1443.4,1443.4,3000.0,3013.4,1556.6,pre-planned high,,28.3,28.4,3,1537.0,1537.0,31.7,166.2,46.3,43
4076c0:2025-04-27T15:42:16Z,PENN,trap,RV7,G-RVBP,GRVBP,EGYD,218.0,EGCB,73.0,2025-04-27,1195.0,53.5845,-2.1469,666.5,1496.7,3339.7,3232.2,1843.0,pre-planned high,,28.5,29.6,1,1877.5,1877.5,86.0,15.6,100.4,72
404081:2025-04-27T14:30:31Z,PENN,trap,PA32,G-DIGI,GDIGI,EGCB,73.0,EGSL,286.0,2025-04-27,1045.9,53.5153,-1.8741,1721.6,1721.6,1649.1,2794.5,-72.5,proactive climb,12.2,35.6,35.9,1,2024.7,2024.7,16.0,215.9,33.1,72
401b9a:2025-04-27T11:40:06Z,PENN,trap,P28A,G-BCRL,GBCRL,EGNJ,121.0,EGCB,73.0,2025-04-27,1223.8,53.6022,-2.1317,473.7,1340.6,2962.5,3089.5,1621.9,pre-planned high,,29.0,31.4,1,1548.4,1548.4,89.0,16.0,91.1,72
4015a4:2025-05-14T09:26:01Z,PENN,trap,BDOG,G-ASAL,GASAL,EGPK,65.0,EGBK,429.0,2025-05-14,589.3,53.7482,-2.1232,1160.7,1617.2,2115.0,3615.6,497.8,reactive climb,-40.2,52.7,53.0,2,2024.7,2024.7,231.2,126.4,105.7,44
a054db:2025-05-13T14:02:32Z,PENN,trap,SR20,N120MX,N120MX,EGAD,9.0,EGNE,91.0,2025-05-13,1750.2,53.7143,-2.0284,1251.5,1474.3,3444.8,3401.0,1970.6,pre-planned high,,34.5,34.6,1,1537.0,1537.0,238.8,49.3,254.8,46
406833:2025-05-13T07:57:09Z,PENN,control,DR40,G-CHOE,GCHOE,EGNH,34.0,EGNM,681.0,2025-05-13,1109.4,53.8633,-1.7008,498.3,1463.5,2883.3,2954.3,1419.8,pre-planned high,,28.9,29.7,1,1603.5,1603.5,57.7,3.4,60.7,46
408218:2025-05-12T12:24:58Z,PENN,control,SIRA,G-VNEB,GVNEB,EGCV,275.0,EGNM,681.0,2025-05-12,1053.1,53.7667,-1.7058,712.2,1721.2,3509.8,3588.7,1788.6,pre-planned high,,51.6,52.2,1,2011.5,1946.0,67.7,1.9,126.5,43
400b17:2025-05-12T12:08:57Z,PENN,trap,P28A,G-ISHA,GISHA,EGCF,11.0,EGCB,73.0,2025-05-12,940.0,53.6146,-2.0156,1491.0,1491.0,2672.1,2909.6,1181.1,pre-planned high,,28.1,28.2,1,1548.4,1548.4,55.9,15.9,60.3,43
400b17:2025-05-12T09:49:15Z,PENN,trap,P28A,G-ISHA,GISHA,EGCB,73.0,EGCF,11.0,2025-05-12,1227.4,53.6053,-1.9956,1422.1,1422.1,198.9,2799.6,-1223.2,proactive climb,23.0,28.0,28.1,1,1548.4,1548.4,15.4,55.2,23.0,43
405666:2025-05-12T09:28:25Z,PENN,trap,C152,G-CEZM,GCEZM,EGCF,11.0,EGMA,124.0,2025-05-12,1123.7,53.7849,-1.9822,1427.6,1554.9,2435.7,3024.2,880.8,no climb,,33.2,33.3,2,1603.5,1603.5,56.1,181.3,60.5,43
407b23:2025-05-16T11:21:09Z,PENN,trap,RV7,G-JSUE,GJSUE,EGCJ,26.0,EGCB,73.0,2025-05-16,826.9,53.623,-2.0035,1560.8,1560.8,2037.8,2487.0,477.0,reactive climb,4.1,31.0,31.4,1,1548.4,1548.4,32.1,15.7,35.6,56
a8d6bc:2025-05-16T11:17:20Z,PENN,control,SR22,N669MA,N669MA,EGNH,34.0,EGNM,681.0,2025-05-16,1250.8,53.8358,-2.0731,1220.0,1220.0,3004.8,2706.9,1784.7,pre-planned high,,28.3,28.4,1,1603.5,1603.5,58.6,3.1,66.3,56
403ed4:2025-05-16T09:00:08Z,PENN,trap,C172,G-BXOI,GBXOI,EGCJ,26.0,EGCV,275.0,2025-05-16,1126.7,53.632,-2.0284,1351.5,1351.5,1946.4,2479.1,595.0,reactive climb,3.5,28.4,28.5,3,1548.4,1548.4,31.4,67.2,33.5,56
40803d:2025-05-16T08:11:02Z,PENN,trap,P06T,G-DITW,GDITW,EGOW,37.0,EGNX,306.0,2025-05-16,657.3,53.4668,-1.8001,1931.1,1931.1,2609.7,3502.4,678.6,reactive climb,-25.9,37.8,40.0,1,2024.7,2024.7,60.3,57.2,64.6,56
a19d5e:2025-05-15T14:58:01Z,PENN,control,SR20,N203CD,N203CD,EGNM,681.0,EGGP,80.0,2025-05-15,1586.6,53.6331,-2.0511,1383.0,1383.0,1787.4,3073.4,404.4,proactive climb,12.4,29.3,29.3,1,1548.4,1548.4,1.9,47.0,29.6,54
40299c:2025-05-15T10:22:23Z,PENN,trap,C172,G-BNTP,GBNTP,EGCB,73.0,EGCB,73.0,2025-05-15,821.9,53.5982,-1.991,1447.2,1447.2,1194.5,2593.0,-252.7,proactive climb,21.1,29.2,29.3,1,1548.4,1548.4,15.5,16.4,24.1,54
40299c:2025-05-15T10:22:23Z,PENN,trap,C172,G-BNTP,GBNTP,EGCB,73.0,EGCB,73.0,2025-05-15,988.5,53.592,-1.9512,1367.4,1449.7,2454.0,2577.9,1004.4,pre-planned high,,26.0,26.2,1,1604.1,1604.1,15.5,16.4,80.9,54
40804b:2025-05-15T09:02:08Z,PENN,control,S22T,G-GOMC,GGOMC,EGNH,34.0,EGNM,681.0,2025-05-15,2058.1,53.7452,-2.1199,1466.8,1466.8,3507.1,3529.1,2040.4,pre-planned high,,29.5,29.5,1,1537.0,1537.0,57.9,3.2,60.6,54
400978:2025-06-25T20:42:17Z,PENN,trap,BE20,G-FPLD,CLB314,EGNV,120.0,EGNV,120.0,2025-06-25,4978.8,53.4672,-1.8685,1875.0,1875.0,6855.4,6854.4,4980.4,pre-planned high,,72.7,76.3,1,1757.8,2067.5,64.2,65.6,415.2,56
400978:2025-06-25T20:42:17Z,PENN,trap,BE20,G-FPLD,CLB314,EGNV,120.0,EGNV,120.0,2025-06-25,4953.3,53.4668,-1.8666,1888.3,1888.3,6444.0,6842.1,4555.7,pre-planned high,,72.7,76.0,1,1757.8,2067.5,64.2,65.6,774.5,56
400f21:2025-06-23T08:24:13Z,PENN,control,P32R,G-HDEW,GHDEW,EGHQ,390.0,EGNM,681.0,2025-06-23,789.0,53.3853,-1.8041,1890.6,1890.6,3296.7,2755.7,1406.1,pre-planned high,,28.9,29.0,1,2052.0,2052.0,376.9,3.3,386.8,49
a76256:2025-06-28T09:03:22Z,PENN,control,S22T,N575PW,N575PW,EGNH,34.0,EGNM,681.0,2025-06-28,1921.4,53.8204,-2.0982,1572.6,1572.6,2997.4,3494.3,1424.8,pre-planned high,,30.9,30.9,1,1603.5,1603.5,58.6,3.1,61.2,45
400f21:2025-07-16T11:31:33Z,PENN,control,P32R,G-HDEW,GHDEW,EGTE,102.0,EGNM,681.0,2025-07-16,1318.8,53.4697,-1.7445,1678.7,1678.7,3089.0,3014.9,1410.3,pre-planned high,,32.0,32.1,1,2011.5,2011.5,299.6,3.3,327.5,61
402ae2:2025-07-14T16:27:11Z,PENN,control,TB20,G-OALD,GOALD,EGKB,598.0,EGPJ,399.0,2025-07-14,693.3,53.5407,-1.8738,1836.3,1836.3,2456.3,2626.1,620.0,no climb,,67.1,70.2,4,1876.1,1988.0,250.8,257.0,296.8,55
3d0aac:2025-07-14T13:45:18Z,PENN,trap,SR20,D-ECHG,DECHG,EGBG,469.0,EGPG,350.0,2025-07-14,1388.3,53.8574,-2.0314,1414.2,1414.2,2409.9,2896.3,995.7,reactive climb,3.8,52.4,52.4,1,1476.1,1476.1,88.8,252.7,115.7,55
408009:2025-07-14T10:36:44Z,PENN,trap,DA40,G-DPAE,GDPAE,EGNH,34.0,EGNE,91.0,2025-07-14,1612.8,53.7508,-2.1235,1477.2,1477.2,2960.9,3090.0,1483.7,pre-planned high,,32.2,32.3,1,1537.0,1537.0,57.8,48.2,68.0,55
408009:2025-07-18T15:30:02Z,PENN,trap,DA40,G-DPAE,GDPAE,EGNE,91.0,EGNH,34.0,2025-07-18,1491.7,53.7474,-2.1204,1498.8,1498.8,2986.3,2998.0,1487.4,pre-planned high,,35.3,35.4,1,1537.0,1537.0,49.7,56.7,62.1,81
401f22:2025-07-18T12:07:55Z,PENN,trap,C172,G-BIOB,GBIOB,EGCJ,26.0,EGBJ,101.0,2025-07-18,608.7,53.5747,-1.8855,1557.4,1557.4,1767.2,2184.8,209.8,reactive climb,4.2,29.1,29.1,1,1877.5,1877.5,31.8,156.5,282.9,81
402927:2025-08-06T15:38:47Z,PENN,trap,P28A,G-BNOJ,GBNOJ,EGNJ,121.0,EGNH,34.0,2025-08-06,1260.8,53.6908,-2.1449,1472.9,1472.9,2941.2,2839.5,1468.3,pre-planned high,,30.9,31.1,1,1548.4,1548.4,88.9,56.8,91.5,57
400ced:2025-08-06T13:43:01Z,PENN,trap,L8,G-BTJA,GBTJA,EGCL,8.0,EGCB,73.0,2025-08-06,1155.5,53.5785,-1.8837,1311.2,1311.2,2518.3,2625.0,1207.2,pre-planned high,,32.6,33.5,2,1877.5,1877.5,128.2,15.5,103.3,57
406e58:2025-08-06T13:14:51Z,PENN,trap,C150,G-CIRW,GCIRW,EGNH,34.0,EGNH,34.0,2025-08-06,1320.1,53.5998,-1.9924,1453.4,1453.4,2773.8,2845.2,1320.4,pre-planned high,,26.8,26.8,1,1604.1,1548.4,58.5,57.1,73.9,57
402927:2025-08-06T12:54:16Z,PENN,trap,P28A,G-BNOJ,GBNOJ,EGNH,34.0,EGNJ,121.0,2025-08-06,1231.7,53.6776,-2.0011,1300.4,1300.4,2682.1,2707.7,1381.7,pre-planned high,,32.5,33.0,1,1537.0,1537.0,58.4,90.0,66.3,57
400cc3:2025-08-06T12:31:50Z,PENN,trap,PA24,G-AZWY,GAZWY,EGNF,250.0,EGPK,65.0,2025-08-06,1260.6,53.9212,-2.0849,1239.6,1239.6,2482.5,2504.8,1242.9,pre-planned high,,40.1,40.1,7,1428.9,1447.9,32.6,231.3,55.3,57
407b23:2025-08-06T09:59:23Z,PENN,trap,RV7,G-JSUE,GJSUE,EGCB,73.0,EGCF,11.0,2025-08-06,1204.8,53.644,-2.0423,1517.4,1517.4,1467.6,2749.1,-49.8,proactive climb,21.0,29.5,29.5,1,1548.4,1548.4,16.3,56.0,28.4,57
4045ed:2025-08-09T06:40:20Z,PENN,trap,P28A,G-WLGC,GWLGC,EGCF,11.0,EGNH,34.0,2025-08-09,904.4,53.7525,-2.1239,1460.2,1460.2,2337.8,2784.8,877.6,reactive climb,8.7,32.8,34.5,2,1537.0,1537.0,53.7,54.2,55.8,44
40798d:2025-08-08T10:55:47Z,PENN,trap,C152,G-CLNC,GCLNC,EGSF,26.0,EGSF,26.0,2025-08-08,583.7,53.4668,-1.799,1920.6,1920.6,2995.5,2665.5,1074.9,pre-planned high,,35.4,39.6,1,2024.7,2024.7,134.7,135.7,146.8,63
406ead:2025-08-10T17:16:59Z,PENN,trap,RV7,G-RVTB,GRVTB,EGNH,34.0,EGNF,250.0,2025-08-10,1463.3,53.6436,-2.0414,1523.6,1523.6,2962.2,2990.4,1438.6,pre-planned high,,30.8,31.5,1,1548.4,1548.4,58.1,34.6,63.9,69
406ead:2025-08-10T08:48:10Z,PENN,trap,RV7,G-RVTB,GRVTB,EGNF,250.0,EGNH,34.0,2025-08-10,708.8,53.6623,-2.0531,1301.1,1311.6,2985.3,2863.3,1673.7,pre-planned high,,30.5,31.0,1,1548.4,1548.4,34.9,56.7,47.2,69
407fd9:2025-08-27T11:48:52Z,PENN,trap,DA42,G-OTST,GOTST,EGNE,91.0,EGNO,55.0,2025-08-27,972.2,53.6432,-2.042,1516.9,1516.9,2484.7,2489.1,967.8,no climb,,30.0,30.5,1,1548.4,1548.4,49.8,46.9,60.6,45
40804b:2025-08-26T14:14:22Z,PENN,control,S22T,G-GOMC,GGOMC,EGNH,34.0,EGNM,681.0,2025-08-26,2028.5,53.7498,-2.123,1460.5,1460.5,3487.5,3506.0,2027.1,pre-planned high,,29.3,29.3,1,1537.0,1537.0,58.7,3.0,88.6,51
a19d5e:2025-08-26T08:29:31Z,PENN,control,SR20,N203CD,N203CD,EGGP,80.0,EGNM,681.0,2025-08-26,1768.3,53.745,-2.1014,1383.5,1402.5,2954.0,3644.6,1551.5,pre-planned high,,29.1,30.4,1,1603.5,1537.0,46.9,1.7,75.6,51
404742:2025-08-25T16:13:45Z,PENN,trap,EUPA,G-GOLX,GGOLX,EGCB,73.0,EGBJ,101.0,2025-08-25,758.8,53.4809,-1.7639,1685.2,1721.9,1337.0,3195.6,-384.9,reactive climb,1.1,40.7,51.6,4,2067.5,1877.5,16.1,155.5,25.6,72
402a10:2025-08-25T15:15:45Z,PENN,trap,P28A,G-BNZZ,GBNZZ,EGCJ,26.0,EGCJ,26.0,2025-08-25,1297.6,53.7492,-2.1183,1577.4,1621.0,3125.0,3048.2,1504.0,pre-planned high,,33.0,35.7,6,1537.0,1537.0,32.1,32.2,120.5,72
aa3b8b:2025-08-25T14:56:45Z,PENN,trap,C182,N759AU,N759AU,EGSC,47.0,EGCB,73.0,2025-08-25,805.5,53.465,-1.8026,1916.0,1916.0,3222.2,2913.2,1306.2,pre-planned high,,34.1,34.9,1,2024.7,2024.7,176.7,15.8,191.0,72
40172f:2025-08-25T11:51:52Z,PENN,trap,P28A,G-AVSI,GAVSI,EGCK,1.0,EGNE,91.0,2025-08-25,607.3,53.4608,-1.8566,2117.7,2117.7,2955.0,2975.0,837.3,no climb,,56.4,59.4,6,1988.0,2067.5,147.8,50.4,46.4,72
4043ba:2025-08-25T11:24:52Z,PENN,trap,EUPA,G-MEGG,GMEGG,EGCJ,26.0,EGCJ,26.0,2025-08-25,652.4,53.7779,-1.8771,1257.4,1260.3,1997.2,2194.3,736.9,no climb,,28.4,41.4,3,1296.2,1447.9,32.0,32.1,64.7,72
4018aa:2025-08-25T10:48:02Z,PENN,trap,C150,G-AYGC,GAYGC,EGCB,73.0,EGCJ,26.0,2025-08-25,999.0,53.6514,-2.0031,1396.9,1396.9,1611.4,2619.5,214.6,reactive climb,3.6,29.1,31.7,2,1548.4,1548.4,17.9,33.2,33.6,72
4046ad:2025-08-25T10:37:48Z,PENN,control,P28A,G-GURU,GGURU,EGCJ,26.0,EGCB,73.0,2025-08-25,730.0,53.6004,-2.0716,991.2,1475.5,2063.0,2724.6,587.5,reactive climb,9.1,29.8,31.8,1,1548.4,1548.4,31.5,14.5,35.6,72
4046ad:2025-08-25T09:08:10Z,PENN,trap,P28A,G-GURU,GGURU,EGCB,73.0,EGCJ,26.0,2025-08-25,1234.0,53.6295,-2.0283,1289.7,1289.7,1506.9,2578.8,217.2,reactive climb,5.3,28.1,28.1,1,1548.4,1548.4,16.5,32.3,30.3,72
aa3b8b:2025-08-25T09:06:58Z,PENN,trap,C182,N759AU,N759AU,EGCB,73.0,EGSC,47.0,2025-08-25,701.4,53.5357,-1.9148,1685.8,1975.9,1454.9,3564.3,-521.0,reactive climb,5.4,34.8,36.9,1,2024.7,2024.7,16.3,176.8,27.6,72
408009:2025-08-30T11:01:20Z,PENN,trap,DA40,G-DPAE,GDPAE,EGNH,34.0,EGNE,91.0,2025-08-30,1506.4,53.7462,-2.1193,1498.4,1498.4,2998.5,3014.3,1500.1,pre-planned high,,34.7,34.8,1,1537.0,1537.0,58.2,50.4,67.7,54
402f38:2025-08-30T09:42:45Z,PENN,trap,TB20,G-PEKT,GPEKT,EGCJ,26.0,EGCB,73.0,2025-08-30,1317.4,53.6165,-2.001,1518.4,1518.4,2365.5,2863.0,847.2,proactive climb,11.3,27.0,27.2,1,1548.4,1548.4,31.4,15.2,35.2,54
40328d:2025-08-29T15:45:51Z,PENN,trap,P28R,G-HALC,GHALC,EGBG,469.0,EGCB,73.0,2025-08-29,641.6,53.5169,-1.9338,2158.4,2262.9,2100.0,3243.5,-162.9,proactive climb,21.2,34.5,44.8,2,1629.1,2067.5,86.5,15.3,59.1,57
acf23d:2025-08-31T11:16:23Z,PENN,control,C68A,N933QS,N933QS,EGCC,257.0,EGNM,681.0,2025-08-31,3509.3,53.9375,-1.9728,796.2,1400.1,6746.8,7621.2,5346.6,pre-planned high,,48.7,54.5,1,1478.2,1681.8,7.7,1.9,40.7,50
4cac97:2025-08-31T10:13:15Z,PENN,trap,DA62,EI-TCN,VOR09,EGKA,7.0,EGPK,65.0,2025-08-31,926.2,53.4668,-1.8129,1881.0,1881.1,2412.1,2855.4,531.0,proactive climb,16.2,57.6,58.1,1,2052.0,2024.7,292.5,231.2,302.7,50
aa3b8b:2025-09-19T13:58:35Z,PENN,trap,C182,N759AU,N759AU,EGCJ,26.0,EGCB,73.0,2025-09-19,916.3,53.6278,-2.0332,1277.7,1277.7,1902.9,2266.8,625.2,no climb,,28.6,28.9,1,1548.4,1548.4,31.6,15.5,34.5,59
401f22:2025-09-19T09:06:15Z,PENN,trap,C172,G-BIOB,GBIOB,EGTF,80.0,EGBM,439.0,2025-09-19,845.8,53.596,-1.9863,1449.1,1449.1,1786.5,2319.9,337.4,reactive climb,1.5,37.9,37.9,1,1548.4,1548.4,231.5,53.9,503.5,59
aa3b8b:2025-09-19T08:37:55Z,PENN,trap,C182,N759AU,N759AU,EGCB,73.0,EGNG,161.0,2025-09-19,402.9,53.6158,-2.0156,1506.4,1523.0,1512.7,2108.0,-10.2,reactive climb,1.5,29.7,30.2,1,1548.4,1548.4,15.9,40.7,27.4,59
40299c:2025-09-21T12:47:35Z,PENN,control,C172,G-BNTP,GBNTP,EGCB,73.0,EGCB,73.0,2025-09-21,1250.0,53.5806,-1.8843,1436.6,1436.6,1671.0,2852.0,234.4,proactive climb,10.1,29.2,30.1,1,1689.4,1689.4,17.0,14.2,36.6,56
40299c:2025-09-21T12:47:35Z,PENN,control,C172,G-BNTP,GBNTP,EGCB,73.0,EGCB,73.0,2025-09-21,1308.7,53.6017,-1.9897,1463.4,1463.4,2810.4,2909.1,1347.0,pre-planned high,,29.0,29.7,1,1548.4,1548.4,17.0,14.2,230.1,56
401f22:2025-10-08T09:56:05Z,PENN,trap,C172,G-BIOB,GBIOB,EGTF,80.0,EGBO,283.0,2025-10-08,1278.2,53.6367,-2.0413,1424.2,1424.2,1568.2,2843.4,144.0,proactive climb,17.0,30.9,31.0,1,1548.4,1548.4,231.5,88.8,357.1,49
407f88:2025-10-07T16:07:18Z,PENN,control,SR20,G-GXVV,GGXVV,EGBM,439.0,EGNM,681.0,2025-10-07,1080.3,53.4574,-1.7144,1753.0,1753.0,2176.8,3429.5,423.7,reactive climb,7.8,31.6,31.6,1,1742.1,1742.1,54.2,3.1,56.2,41
402a10:2025-10-07T13:55:06Z,PENN,trap,P28A,G-BNZZ,GBNZZ,EGNH,34.0,EGCJ,26.0,2025-10-07,803.8,53.7876,-2.1248,1517.2,1517.2,1828.5,2470.5,311.3,no climb,,29.8,30.5,3,1603.5,1603.5,57.7,32.2,73.4,41
407e0b:2025-10-06T10:59:25Z,PENN,control,SR22,G-KMTE,GKMTE,EGNH,34.0,EGNM,681.0,2025-10-06,610.0,53.8587,-2.0317,1394.0,1394.0,2684.6,2027.4,1290.6,pre-planned high,,28.9,30.3,1,1603.5,1476.1,58.6,3.1,64.4,53
407fd9:2025-10-09T12:20:42Z,PENN,trap,DA42,G-OTST,GOTST,EGXC,25.0,EGNO,55.0,2025-10-09,1950.4,53.6749,-2.0024,1367.7,1367.7,3337.3,3343.9,1969.6,pre-planned high,,33.4,33.5,1,1463.9,1463.9,105.2,47.1,118.9,48
407fd9:2025-10-09T08:26:05Z,PENN,trap,DA42,G-OTST,GOTST,EGNO,55.0,EGXC,25.0,2025-10-09,1805.8,53.6437,-2.0422,1527.1,1527.1,3319.2,3333.2,1792.1,pre-planned high,,29.7,29.9,1,1548.4,1548.4,47.8,105.9,53.5,48
424c7b:2025-10-12T14:43:49Z,PENN,trap,PA34,M-MANX,MMANX,EGCJ,26.0,EGNS,52.0,2025-10-12,1509.0,53.7461,-2.1196,1476.0,1476.0,2986.9,3000.8,1510.9,pre-planned high,,28.7,28.8,2,1537.0,1537.0,32.0,165.7,40.0,45
407dd2:2025-10-12T13:21:50Z,PENN,trap,DA40,G-SUEG,GSUEG,EGNT,266.0,EGFF,220.0,2025-10-12,983.7,53.4671,-1.8098,1914.8,1914.8,3204.7,3202.9,1289.9,pre-planned high,,54.2,72.9,1,1629.1,2067.5,120.9,227.3,165.9,45
4033ca:2025-10-29T12:57:00Z,PENN,trap,P28A,G-BXAB,GBXAB,EGCF,11.0,EGCB,73.0,2025-10-29,1172.5,53.6089,-2.005,1471.3,1471.3,2967.6,3044.7,1496.2,pre-planned high,,28.5,28.5,1,1548.4,1548.4,55.3,16.1,57.3,66
4046ad:2025-10-29T11:17:20Z,PENN,trap,P28A,G-GURU,GGURU,EGCB,73.0,EGNE,91.0,2025-10-29,622.9,53.5994,-1.9942,1453.2,1558.7,1626.2,2476.0,67.6,no climb,,30.1,31.4,1,1877.5,1877.5,16.5,50.4,24.7,66
4077fa:2025-10-29T11:09:54Z,PENN,trap,TL30,G-CLFG,GCLFG,EGCB,73.0,EGNE,91.0,2025-10-29,1002.3,53.5608,-1.8879,1475.7,1475.7,1328.0,2699.7,-147.7,reactive climb,6.5,28.4,29.2,1,1877.5,1877.5,15.9,50.1,23.7,66
4033ca:2025-10-29T10:56:40Z,PENN,trap,P28A,G-BXAB,GBXAB,EGCB,73.0,EGCF,11.0,2025-10-29,1405.8,53.6132,-2.0004,1472.1,1472.1,1455.4,2909.7,-16.7,reactive climb,3.7,28.4,29.4,1,1604.1,1548.4,16.4,55.9,26.1,66
405afb:2025-11-02T14:26:48Z,PENN,trap,TL20,G-LCMW,GLCMW,EGCB,73.0,EGCB,73.0,2025-11-02,851.2,53.58,-1.8817,1466.1,1832.0,2270.7,2813.2,438.7,no climb,,37.7,52.9,1,1549.5,2067.5,16.5,15.3,118.0,49
4034a2:2025-11-02T12:40:20Z,PENN,trap,P28A,G-BTRS,GBTRS,EGCB,73.0,EGCB,73.0,2025-11-02,782.6,53.7375,-2.1049,1402.4,1416.6,1858.1,3710.2,441.5,proactive climb,15.8,29.2,50.5,3,1458.6,1603.5,16.4,15.4,32.2,49
4033ad:2025-11-17T13:17:24Z,PENN,trap,P28A,G-BTFO,GBTFO,EGCJ,26.0,EGOW,37.0,2025-11-17,1150.0,53.6229,-2.0033,1594.9,1594.9,2227.6,3048.0,632.7,reactive climb,4.1,28.0,28.1,1,1548.4,1548.4,31.8,59.4,35.4,46
4033ad:2025-11-17T11:11:46Z,PENN,trap,P28A,G-BTFO,GBTFO,EGOW,37.0,EGCJ,26.0,2025-11-17,1440.3,53.6061,-1.9938,1393.9,1393.9,2811.7,2837.5,1417.8,pre-planned high,,29.7,30.0,2,1548.4,1548.4,60.3,32.1,61.7,46
4018aa:2025-11-17T11:10:30Z,PENN,trap,C150,G-AYGC,GAYGC,EGCB,73.0,EGNE,91.0,2025-11-17,870.1,53.5451,-1.8787,1757.4,1757.4,1638.4,3023.2,-118.9,proactive climb,15.0,30.7,33.2,1,1877.5,1877.5,16.5,49.4,42.7,46
401adc:2025-11-17T10:05:25Z,PENN,trap,C150,G-BBKA,GBBKA,EGCJ,26.0,EGCF,11.0,2025-11-17,985.0,53.6321,-2.0285,1362.3,1362.3,2414.9,2624.5,1052.6,pre-planned high,,28.9,41.1,1,1548.4,1548.4,31.8,55.2,95.0,46
401adc:2025-11-17T10:05:25Z,PENN,trap,C150,G-BBKA,GBBKA,EGCJ,26.0,EGCF,11.0,2025-11-17,949.9,53.6537,-2.0398,1377.6,1377.6,2335.5,2329.5,958.0,no climb,,28.3,28.4,1,1548.4,1548.4,31.8,55.2,248.4,46
4076b3:2025-11-22T09:49:33Z,PENN,trap,P28T,G-CKZL,GCKZL,EGSX,321.0,EGNH,34.0,2025-11-22,2144.0,53.7456,-2.1198,1455.7,1455.7,3492.1,3610.7,2036.4,pre-planned high,,35.6,36.2,1,1537.0,1537.0,218.3,53.1,253.1,30
406e58:2025-11-21T13:51:35Z,PENN,trap,C150,G-CIRW,GCIRW,EGNH,34.0,EGNH,34.0,2025-11-21,1454.7,53.6198,-2.003,1549.6,1549.6,3188.6,3327.3,1638.9,pre-planned high,,31.1,36.2,1,1877.5,1742.1,57.9,59.3,194.8,58
4015c0:2025-11-21T10:20:17Z,PENN,control,P28A,G-ASHX,GASHX,EGCB,73.0,EGCB,73.0,2025-11-21,1187.4,53.4699,-1.7255,1694.0,1694.0,1882.0,2981.5,188.0,proactive climb,20.1,39.1,61.6,2,2067.5,1742.1,16.7,15.0,40.6,58
4015c0:2025-11-20T15:25:36Z,PENN,trap,P28A,G-ASHX,GASHX,EGCJ,26.0,EGCB,73.0,2025-11-20,976.7,53.6187,-1.9965,1536.7,1536.7,1983.0,2663.2,446.3,reactive climb,6.2,30.4,34.9,1,1548.4,1548.4,31.7,15.3,34.7,60
402a10:2025-11-20T14:44:14Z,PENN,trap,P28A,G-BNZZ,GBNZZ,EGCJ,26.0,EGCJ,26.0,2025-11-20,1623.9,53.8096,-2.0593,1375.8,1397.7,2701.8,3290.0,1304.1,pre-planned high,,34.9,58.6,2,1288.3,1603.5,32.0,31.5,45.4,60
407f40:2025-11-20T14:41:08Z,PENN,trap,C42,G-KSMC,GKSMC,EGCJ,26.0,EGCB,73.0,2025-11-20,752.6,53.5913,-2.1051,825.0,1524.0,2117.9,2764.6,593.8,reactive climb,-8.6,30.9,31.0,1,1548.4,1548.4,31.9,15.5,34.8,60
4015c0:2025-11-20T13:19:42Z,PENN,trap,P28A,G-ASHX,GASHX,EGCB,73.0,EGCJ,26.0,2025-11-20,913.7,53.6228,-1.996,1558.9,1558.9,1780.5,2771.9,221.6,proactive climb,11.1,30.6,33.3,1,1548.4,1548.4,16.5,33.5,36.7,60
407f40:2025-11-20T12:44:54Z,PENN,trap,C42,G-KSMC,GKSMC,EGCB,73.0,EGCJ,26.0,2025-11-20,1419.5,53.622,-2.0015,1560.1,1560.1,1494.9,3115.4,-65.2,reactive climb,3.2,31.4,31.4,2,1548.4,1548.4,16.0,32.1,24.3,60
402cf2:2025-11-20T12:37:13Z,PENN,trap,TAMP,G-DLEE,GDLEE,EGGP,80.0,EGCJ,26.0,2025-11-20,1284.1,53.7071,-1.9653,1015.9,1300.6,2400.0,2800.0,1099.4,pre-planned high,,30.1,31.3,3,1537.0,1537.0,46.1,32.2,38.7,60
abf5e9:2025-12-13T10:00:04Z,PENN,trap,SF50,N87VS,N87VS,EGNE,91.0,EGNH,34.0,2025-12-13,1436.4,53.6498,-2.039,1474.9,1474.9,2878.9,2937.9,1404.0,pre-planned high,,30.7,31.4,1,1548.4,1548.4,50.0,58.2,62.0,36
4046ad:2025-12-11T12:40:53Z,PENN,trap,P28A,G-GURU,GGURU,EGCJ,26.0,EGCB,73.0,2025-12-11,366.5,53.6299,-2.0524,1344.3,1344.3,2123.7,2587.5,779.3,reactive climb,-11.7,30.9,31.7,1,1548.4,1548.4,30.2,16.1,32.4,53
4046ad:2025-12-11T11:26:45Z,PENN,trap,P28A,G-GURU,GGURU,EGCB,73.0,EGCJ,26.0,2025-12-11,509.1,53.6409,-2.0415,1517.6,1517.6,1646.2,2159.7,128.6,proactive climb,10.7,28.8,28.9,1,1548.4,1548.4,16.5,30.9,28.0,53
a8b304:2025-12-30T15:01:25Z,PENN,trap,P28R,N66MS,N66MS,EGNE,91.0,EGGP,80.0,2025-12-30,1618.0,53.7413,-2.1043,1404.9,1404.9,3012.0,3023.1,1607.2,pre-planned high,,31.9,32.9,1,1537.0,1537.0,50.0,46.0,124.1,36
40439e:2025-12-30T10:17:08Z,PENN,trap,P28A,G-BZHV,GBZHV,EGCS,58.0,EGNH,34.0,2025-12-30,1583.7,53.6967,-1.9009,816.1,1292.6,3093.7,3453.2,1801.1,pre-planned high,,30.8,30.9,1,1537.0,1537.0,66.5,58.4,76.9,36
407f40:2026-01-03T13:54:11Z,PENN,trap,C42,G-KSMC,GKSMC,EGCJ,26.0,EGCB,73.0,2026-01-03,809.6,53.5912,-2.0607,1289.8,1432.3,2008.3,2851.2,576.0,reactive climb,3.2,28.4,28.9,1,1548.4,1548.4,31.9,15.5,35.0,46
407f40:2026-01-03T11:54:33Z,PENN,trap,C42,G-KSMC,GKSMC,EGCB,73.0,EGCJ,26.0,2026-01-03,805.1,53.5658,-2.1457,465.7,1449.9,1361.5,2973.1,-88.4,reactive climb,3.5,31.6,32.2,3,1548.4,1548.4,15.8,32.2,23.0,46
407117:2026-01-02T21:59:45Z,PENN,trap,F406,G-RVLX,REV6LX,EGNX,306.0,EGNX,306.0,2026-01-02,5076.1,53.465,-1.8204,1941.7,1941.7,7003.4,7050.2,5061.7,pre-planned high,,45.9,53.1,1,2067.5,2018.8,58.0,58.4,75.3,53
407117:2026-01-02T21:59:45Z,PENN,trap,F406,G-RVLX,REV6LX,EGNX,306.0,EGNX,306.0,2026-01-02,1307.5,53.5016,-1.951,1659.8,1659.8,3472.5,3542.4,1812.7,pre-planned high,,32.1,46.2,1,1629.1,1757.8,58.0,58.4,301.7,53
4073d0:2026-01-04T15:26:27Z,PENN,control,E550,G-HAPA,CLF633A,EGCC,257.0,EGNM,681.0,2026-01-04,3300.9,53.6646,-1.7223,565.3,1428.9,5712.1,7922.0,4283.2,pre-planned high,,32.5,34.4,1,1663.6,1548.4,8.9,2.8,37.1,69
402ab6:2026-01-04T10:37:40Z,PENN,trap,C172,G-BOIL,GBOIL,EGCB,73.0,EGCB,73.0,2026-01-04,720.3,53.4635,-1.8036,1910.9,1930.8,1524.1,2806.1,-406.8,reactive climb,9.3,42.8,53.8,1,2024.7,2024.7,15.6,15.9,31.0,69
402ab6:2026-01-04T10:37:40Z,PENN,trap,C172,G-BOIL,GBOIL,EGCB,73.0,EGCB,73.0,2026-01-04,429.0,53.4677,-1.8095,1920.4,1920.4,2806.1,2710.3,885.6,no climb,,30.0,39.6,1,2024.7,2024.7,15.6,15.9,90.1,69
3cc7fe:2026-01-04T09:33:53Z,PENN,control,E55P,D-CDAS,DWW625,EGCC,257.0,EGNM,681.0,2026-01-04,5613.9,53.6469,-1.7097,297.8,1578.5,6736.8,7987.3,5158.2,pre-planned high,,32.3,32.3,1,1877.5,1877.5,7.5,3.0,37.4,69
407fd9:2026-01-21T13:58:42Z,PENN,trap,DA42,G-OTST,GOTST,EGXC,25.0,EGNO,55.0,2026-01-21,6011.3,53.7008,-2.0532,1225.8,1225.8,7267.4,7257.8,6041.7,pre-planned high,,30.6,31.5,1,1478.2,1436.9,105.3,49.5,131.1,26
407fd9:2026-01-21T09:13:33Z,PENN,trap,DA42,G-OTST,GOTST,EGNO,55.0,EGXC,25.0,2026-01-21,1786.9,53.644,-2.0422,1532.7,1532.7,3353.2,3327.2,1820.5,pre-planned high,,30.5,30.6,1,1548.4,1548.4,48.6,104.2,49.9,26
4070f4:2026-01-20T12:16:28Z,PENN,trap,DA62,G-GBAS,VOR05,EGKA,7.0,EGPK,65.0,2026-01-20,760.0,53.4599,-1.8607,2033.1,2033.1,2507.5,2822.3,474.4,reactive climb,-1.7,56.8,57.4,1,2067.5,2067.5,292.0,233.8,301.6,44
408230:2026-01-20T11:20:56Z,PENN,control,SR20,G-ECHL,GECHL,EGKB,598.0,EGNV,120.0,2026-01-20,6041.9,53.5069,-1.9341,1759.9,1759.9,7796.6,7810.2,6036.6,pre-planned high,,71.1,71.2,1,1945.8,1757.8,249.8,65.1,292.9,44
401f22:2026-01-24T11:39:01Z,PENN,trap,C172,G-BIOB,GBIOB,EGTF,80.0,EGTF,80.0,2026-01-24,1171.6,53.6784,-1.8159,731.9,1538.5,1784.1,2869.5,245.6,proactive climb,20.4,28.3,28.9,1,1548.4,1548.4,231.2,231.5,381.2,18
4070f4:2026-01-22T13:41:29Z,PENN,trap,DA62,G-GBAS,VOR05,EGPK,65.0,EGKA,7.0,2026-01-22,1265.3,53.457,-1.7126,1733.3,1733.3,3558.0,3004.7,1824.6,pre-planned high,,52.3,54.2,1,1877.5,1742.1,230.9,290.6,252.5,27
402926:2026-02-11T15:29:46Z,PENN,trap,P28A,G-BNOM,GBNOM,EGNH,34.0,EGNE,91.0,2026-02-11,2112.1,53.7415,-2.103,1401.0,1401.0,3510.8,3515.1,2109.8,pre-planned high,,34.2,34.5,1,1537.0,1537.0,58.0,50.1,58.5,35
406b54:2026-02-11T14:17:26Z,PENN,trap,S22T,G-JRSH,GJRSH,EGPK,65.0,EGBE,267.0,2026-02-11,822.7,53.3927,-1.8435,2977.3,2977.3,4282.3,3873.5,1305.0,pre-planned high,,52.0,53.3,3,2067.5,2067.5,231.2,104.2,83.2,35
407f84:2026-02-14T14:29:19Z,PENN,trap,C42,G-GHST,GGHST,EGCB,73.0,EGCB,73.0,2026-02-14,932.1,53.4661,-1.8187,1918.4,1918.4,2972.6,2905.4,1054.2,pre-planned high,,40.1,41.2,1,2024.7,2024.7,16.1,15.5,70.2,75
40299c:2026-02-14T14:12:16Z,PENN,trap,C172,G-BNTP,GBNTP,EGCB,73.0,EGCB,73.0,2026-02-14,1197.0,53.5927,-1.9048,1419.8,1459.0,1695.1,2883.4,236.1,proactive climb,10.8,26.9,27.0,2,1604.1,1604.1,17.0,15.2,26.4,75
402a10:2026-02-14T12:21:20Z,PENN,trap,P28A,G-BNZZ,GBNZZ,EGCJ,26.0,EGCJ,26.0,2026-02-14,1536.3,53.7483,-2.1088,1307.4,1416.7,3784.1,3421.5,2367.4,pre-planned high,,30.0,54.2,3,1173.4,1603.5,32.1,31.4,261.2,75
401f22:2026-02-14T09:53:17Z,PENN,trap,C172,G-BIOB,GBIOB,EGTF,80.0,EGBG,469.0,2026-02-14,853.9,53.3854,-1.8649,2059.6,2059.6,2406.3,2913.7,346.8,reactive climb,-23.3,33.6,56.8,1,2067.5,2067.5,231.2,90.3,382.3,75
406534:2026-02-14T09:25:32Z,PENN,trap,EV97,G-CGVT,GCGVT,EGCB,73.0,EGCB,73.0,2026-02-14,780.9,53.4707,-1.7973,1825.1,1825.1,1548.3,2974.8,-276.9,proactive climb,11.5,35.7,39.5,1,2024.7,2024.7,15.8,15.6,28.7,75
407f42:2026-02-12T15:05:14Z,PENN,control,AT76,G-CMMN,EAG76L,EGAC,15.0,EGNM,681.0,2026-02-12,3183.7,53.6915,-1.7053,427.3,1282.3,7485.9,5762.8,6203.6,pre-planned high,,28.9,28.9,1,1478.2,1478.2,250.7,3.0,297.0,26
406b54:2026-02-12T12:35:15Z,PENN,trap,S22T,G-JRSH,GJRSH,EGBE,267.0,EGPK,65.0,2026-02-12,959.4,53.385,-1.8672,2073.3,2073.3,2898.0,3057.4,824.7,no climb,,51.1,53.0,1,2067.5,2067.5,105.0,229.9,110.3,26
405f6f:2026-03-04T16:01:40Z,PENN,trap,CRUZ,G-SCPI,GSCPI,EGCJ,26.0,EGCB,73.0,2026-03-04,1119.7,53.622,-2.0019,1367.8,1367.8,1221.2,2700.0,-146.6,no climb,,29.9,30.1,2,1548.4,1548.4,31.5,16.1,38.4,69
4065e1:2026-03-04T14:54:38Z,PENN,trap,EUPA,G-MLXP,GMLXP,EGCB,73.0,EGCS,58.0,2026-03-04,465.3,53.4714,-1.7982,1830.4,1830.4,700.4,2732.6,-1130.0,proactive climb,21.0,37.4,42.0,1,2024.7,2024.7,15.6,65.0,22.6,69
405f6f:2026-03-04T14:15:17Z,PENN,control,CRUZ,G-SCPI,GSCPI,EGCB,73.0,EGCJ,26.0,2026-03-04,1216.0,53.6438,-2.042,1539.3,1539.3,1662.7,2774.9,123.4,no climb,,28.3,28.7,1,1548.4,1548.4,14.4,31.7,25.5,69
402b5c:2026-03-04T13:26:45Z,PENN,trap,C82R,G-BOPH,GBOPH,EGBD,175.0,EGBD,175.0,2026-03-04,1388.2,53.735,-2.0912,1313.7,1368.4,2598.3,2801.9,1229.9,pre-planned high,,36.0,37.8,1,1548.4,1537.0,49.1,49.6,87.6,69
4065e1:2026-03-04T11:52:16Z,PENN,trap,EUPA,G-MLXP,GMLXP,EGCS,58.0,EGCB,73.0,2026-03-04,1761.9,53.6374,-2.0421,1430.0,1430.0,3303.3,3191.9,1873.3,pre-planned high,,28.4,29.0,1,1548.4,1548.4,68.3,16.3,74.5,69
403d89:2026-03-03T13:57:31Z,PENN,trap,PA15,G-FKNH,GFKNH,EGCJ,26.0,EGOW,37.0,2026-03-03,1517.4,53.6639,-2.0503,1275.3,1275.3,1977.7,3006.1,702.4,no climb,,29.3,29.3,2,1478.2,1478.2,31.5,61.0,35.9,44
401dd0:2026-03-03T11:26:37Z,PENN,trap,P28A,G-BGPJ,GBGPJ,EGOW,37.0,EGCF,11.0,2026-03-03,1296.6,53.608,-2.0234,1416.1,1433.5,2896.1,2825.3,1462.6,pre-planned high,,27.6,27.6,1,1548.4,1548.4,60.1,55.2,62.0,44
403d89:2026-03-03T11:01:32Z,PENN,trap,PA15,G-FKNH,GFKNH,EGOW,37.0,EGCJ,26.0,2026-03-03,888.1,53.6308,-1.9643,1409.1,1409.1,2414.4,2443.0,1005.3,pre-planned high,,27.5,27.6,1,1548.4,1548.4,60.0,31.2,62.5,44
4033ad:2026-03-03T10:54:03Z,PENN,trap,P28A,G-BTFO,GBTFO,EGOW,37.0,EGCJ,26.0,2026-03-03,1135.1,53.6473,-2.0397,1479.2,1479.2,2580.2,2624.9,1101.0,pre-planned high,,29.3,29.3,2,1548.4,1548.4,60.0,32.1,61.5,44
43ed3d:2026-03-02T16:35:55Z,PENN,control,SR20,2-YULL,2SIRI,EGGP,80.0,EGNM,681.0,2026-03-02,3137.0,53.7105,-1.7104,398.6,1516.1,4998.0,5023.2,3481.9,pre-planned high,,29.1,31.5,1,1537.0,1537.0,46.3,3.1,76.3,42
407db5:2026-03-23T13:16:15Z,PENN,trap,P28A,G-HFAV,GHFAV,EGNH,34.0,EGBO,283.0,2026-03-23,978.0,53.4677,-1.8149,1912.3,2031.2,2963.2,3991.1,932.0,reactive climb,-40.4,52.4,57.7,1,2052.2,2067.5,57.9,86.1,65.8,53
402cf2:2026-03-23T11:33:59Z,PENN,trap,TAMP,G-DLEE,GDLEE,EGGP,80.0,EGCS,58.0,2026-03-23,1217.0,53.562,-1.8867,1288.3,1288.3,2100.0,2600.0,811.7,no climb,,30.1,30.3,2,1877.5,1877.5,45.7,68.5,82.9,53
407e59:2026-03-27T16:36:15Z,PENN,trap,DA50,G-CMJZ,GCMJZ,EGNH,34.0,EGNE,91.0,2026-03-27,1018.2,53.6454,-2.0406,1486.0,1486.0,2511.9,2602.0,1025.9,pre-planned high,,30.6,49.4,1,1689.4,1548.4,58.2,48.8,66.7,53
4018aa:2026-03-27T16:04:58Z,PENN,trap,C150,G-AYGC,GAYGC,EGNE,91.0,EGCB,73.0,2026-03-27,754.0,53.5974,-2.1136,580.1,1400.3,2400.0,2600.0,999.7,no climb,,27.1,28.5,2,1689.4,1548.4,48.3,15.5,35.5,53
4018aa:2026-03-27T13:56:00Z,PENN,trap,C150,G-AYGC,GAYGC,EGCB,73.0,EGNE,91.0,2026-03-27,1209.6,53.5928,-1.9831,1461.3,1503.9,1425.9,2869.0,-78.0,proactive climb,11.0,29.7,30.2,1,1877.5,1877.5,16.3,50.4,25.9,53
402a10:2026-03-26T14:42:56Z,PENN,trap,P28A,G-BNZZ,GBNZZ,EGCJ,26.0,EGBM,439.0,2026-03-26,900.1,53.646,-1.88,998.0,1422.7,2013.4,4925.0,590.7,reactive climb,-26.0,34.8,60.3,2,1742.1,1876.1,32.1,53.8,39.0,66
407fd9:2026-03-26T13:16:35Z,PENN,trap,DA42,G-OTST,GOTST,EGXC,25.0,EGNO,55.0,2026-03-26,1899.5,53.63,-2.0531,1368.3,1368.3,3340.3,3342.2,1972.0,pre-planned high,,27.5,27.9,1,1548.4,1548.4,105.3,47.3,123.4,66
407fd9:2026-03-26T09:05:48Z,PENN,trap,DA42,G-OTST,GOTST,EGNO,55.0,EGXC,25.0,2026-03-26,1865.5,53.6391,-2.0422,1467.0,1467.0,3270.0,3342.0,1803.0,pre-planned high,,29.7,29.8,1,1548.4,1548.4,48.0,105.5,53.9,66
400ca9:2026-03-26T07:02:12Z,PENN,trap,F406,G-FIND,REV6ND,EGNX,306.0,EGNX,306.0,2026-03-26,4740.4,53.7569,-2.1318,1571.3,1571.3,6494.4,6470.9,4923.2,pre-planned high,,29.4,162.3,1,1537.0,1537.0,57.9,58.6,896.2,66
407e32:2026-03-29T18:46:51Z,PENN,control,AT76,G-CMJM,EAG18C,EGAC,15.0,EGCC,257.0,2026-03-29,1741.3,53.5063,-1.9411,1753.9,1753.9,6093.1,5309.8,4339.2,pre-planned high,,33.6,44.8,1,1629.1,1757.8,251.1,7.8,339.1,35
407fd9:2026-04-14T15:03:38Z,PENN,trap,DA42,G-OTST,GOTST,EGXC,25.0,EGNO,55.0,2026-04-14,1794.6,53.6432,-2.0423,1505.7,1505.7,3322.5,3335.9,1816.7,pre-planned high,,29.1,29.3,1,1548.4,1548.4,105.3,47.7,118.7,46
407fd9:2026-04-14T10:29:35Z,PENN,trap,DA42,G-OTST,GOTST,EGXC,25.0,EGXC,25.0,2026-04-14,1803.1,53.6434,-2.0424,1502.1,1502.1,3326.7,3316.7,1824.6,pre-planned high,,30.5,30.6,1,1548.4,1548.4,105.2,105.5,119.1,46
407fd9:2026-04-14T10:29:35Z,PENN,trap,DA42,G-OTST,GOTST,EGXC,25.0,EGXC,25.0,2026-04-14,1731.7,53.642,-2.0417,1569.1,1569.1,3295.9,3309.3,1726.8,pre-planned high,,30.4,30.5,1,1548.4,1548.4,105.2,105.5,407.8,46
407fd9:2026-04-14T07:30:36Z,PENN,trap,DA42,G-OTST,GOTST,EGNO,55.0,EGXC,25.0,2026-04-14,1752.2,53.644,-2.0418,1558.2,1558.2,3323.8,3333.7,1765.6,pre-planned high,,29.9,30.0,1,1548.4,1548.4,49.0,105.5,50.3,46
407fd9:2026-04-13T16:05:25Z,PENN,trap,DA42,G-OTST,GOTST,EGNE,91.0,EGNO,55.0,2026-04-13,1917.1,53.6813,-2.1285,1378.7,1378.7,3346.6,3346.3,1967.9,pre-planned high,,30.8,31.3,1,1548.4,1478.2,50.1,47.7,63.1,68
402ab6:2026-04-13T15:37:58Z,PENN,trap,C172,G-BOIL,GBOIL,EGNF,250.0,EGCB,73.0,2026-04-13,710.2,53.5338,-1.8809,1877.0,1877.0,2156.1,2675.2,279.1,proactive climb,20.2,31.2,32.0,1,1877.5,1877.5,31.4,15.8,38.4,68
407fd9:2026-04-13T14:08:06Z,PENN,trap,DA42,G-OTST,GOTST,EGNO,55.0,EGNE,91.0,2026-04-13,1929.2,53.6854,-2.1475,1376.3,1376.3,3316.9,3311.1,1940.6,pre-planned high,,30.9,31.7,1,1548.4,1458.6,48.9,50.1,49.7,68
405f6f:2026-04-13T11:29:06Z,PENN,trap,CRUZ,G-SCPI,GSCPI,EGCJ,26.0,EGCB,73.0,2026-04-13,920.3,53.6406,-2.0419,1527.6,1527.6,1975.0,2615.0,447.4,reactive climb,3.8,27.4,27.6,2,1548.4,1548.4,32.1,16.4,34.9,68
401da9:2026-04-13T11:06:35Z,PENN,trap,P28A,G-BGKS,GBGKS,EGCF,11.0,EGCB,73.0,2026-04-13,716.3,53.6023,-2.0539,1167.7,1465.1,2338.3,2821.8,873.3,no climb,,28.3,29.5,1,1548.4,1689.4,55.1,16.6,57.0,68
408009:2026-04-13T10:31:42Z,PENN,trap,DA40,G-DPAE,GDPAE,EGNH,34.0,EGNE,91.0,2026-04-13,1629.6,53.7153,-2.0276,1268.4,1461.4,2956.4,3112.3,1495.0,pre-planned high,,33.4,33.6,1,1537.0,1537.0,57.8,50.3,63.3,68
402ab6:2026-04-13T10:15:05Z,PENN,trap,C172,G-BOIL,GBOIL,EGCB,73.0,EGCF,11.0,2026-04-13,1067.9,53.6865,-2.0437,1371.3,1371.3,1435.1,2587.5,63.9,reactive climb,8.9,29.0,33.5,1,1548.4,1478.2,15.6,56.0,24.9,68
402aca:2026-04-13T10:08:48Z,PENN,trap,P28A,G-OGEM,GOGEM,EGCB,73.0,EGCJ,26.0,2026-04-13,1059.8,53.6499,-2.0398,1481.0,1481.0,1194.8,2586.3,-286.2,proactive climb,17.8,27.8,32.4,1,1548.4,1478.2,15.4,32.5,26.5,68
401da9:2026-04-13T08:53:14Z,PENN,trap,P28A,G-BGKS,GBGKS,EGCB,73.0,EGCF,11.0,2026-04-13,1156.1,53.5696,-1.8807,1561.9,1561.9,1466.7,2753.3,-95.2,reactive climb,2.5,28.4,28.7,1,1809.5,1877.5,15.5,57.0,24.8,68
408009:2026-04-18T14:09:41Z,PENN,trap,DA40,G-DPAE,GDPAE,EGCJ,26.0,EGNH,34.0,2026-04-18,1662.6,53.7548,-2.1292,1547.4,1547.4,2955.1,3229.7,1407.7,pre-planned high,,28.3,28.3,1,1537.0,1537.0,31.8,56.8,32.5,34
408009:2026-04-18T08:50:23Z,PENN,trap,DA40,G-DPAE,GDPAE,EGNH,34.0,EGCJ,26.0,2026-04-18,5642.3,53.7758,-1.7254,667.4,1506.0,7231.1,7209.9,5725.1,pre-planned high,,26.6,26.6,1,1537.0,1537.0,58.5,31.8,64.4,34
408009:2026-04-17T14:13:51Z,PENN,trap,DA40,G-DPAE,GDPAE,EGNE,91.0,EGNH,34.0,2026-04-17,1535.3,53.7479,-2.1219,1469.2,1469.2,3014.5,3025.3,1545.3,pre-planned high,,35.3,35.4,1,1537.0,1537.0,50.1,56.0,63.1,59
43eb3e:2026-04-16T13:47:03Z,PENN,trap,S22T,2-CYFR,2CYFR,EGCJ,26.0,EGGP,80.0,2026-04-16,1468.4,53.6352,-2.0252,1335.4,1335.4,2070.8,2805.5,735.4,reactive climb,5.6,28.5,28.5,1,1548.4,1548.4,31.7,46.1,34.0,46
401dd0:2026-04-19T14:45:07Z,PENN,trap,P28A,G-BGPJ,GBGPJ,EGNW,63.0,EGOW,37.0,2026-04-19,1669.1,53.6039,-1.8907,1080.0,1468.2,2851.3,3250.2,1383.1,pre-planned high,,25.5,25.6,1,1548.4,1548.4,88.7,60.1,95.0,86
aa3b8b:2026-04-19T14:00:41Z,PENN,trap,C182,N759AU,N759AU,EGCJ,26.0,EGCB,73.0,2026-04-19,767.9,53.6302,-2.0282,1331.9,1331.9,2192.6,2456.5,860.6,no climb,,31.1,31.3,1,1548.4,1548.4,31.8,15.5,35.6,86
4073dd:2026-04-19T13:32:21Z,PENN,trap,RV6,G-RKID,GRKID,EGSJ,130.0,EGCB,73.0,2026-04-19,710.4,53.5355,-1.8794,1903.5,1911.4,3913.8,2764.2,2002.4,pre-planned high,,31.6,33.1,1,2018.8,1988.0,227.9,15.5,240.9,86
aa3b8b:2026-04-19T11:50:11Z,PENN,trap,C182,N759AU,N759AU,EGCB,73.0,EGCJ,26.0,2026-04-19,817.5,53.6354,-2.0419,1402.0,1402.0,1428.8,2306.8,26.8,no climb,,27.4,27.5,1,1548.4,1548.4,16.3,31.4,30.8,86
401dd0:2026-04-19T10:34:52Z,PENN,trap,P28A,G-BGPJ,GBGPJ,EGOW,37.0,EGNW,63.0,2026-04-19,1392.5,53.6492,-2.0388,1456.1,1456.1,2609.6,3061.5,1153.4,pre-planned high,,29.1,29.1,1,1548.4,1548.4,58.0,90.1,64.1,86
4073dd:2026-04-19T10:29:11Z,PENN,trap,RV6,G-RKID,GRKID,EGCB,73.0,EGSJ,130.0,2026-04-19,988.0,53.5494,-1.9013,1684.7,1684.7,1518.2,2762.2,-166.4,no climb,,30.3,31.7,1,1877.5,1877.5,16.2,229.5,25.6,86
407313:2026-04-19T09:54:21Z,PENN,trap,RV7,G-ICRV,GICRV,EGNE,91.0,EGCB,73.0,2026-04-19,973.4,53.5789,-1.8828,1514.5,1514.5,2482.5,2488.5,968.1,no climb,,30.3,31.0,1,1877.5,1877.5,50.0,15.6,57.7,86
407b00:2026-04-19T09:16:30Z,PENN,trap,DA40,G-DPAZ,GDPAZ,EGNH,34.0,EGNH,34.0,2026-04-19,910.4,53.6932,-2.1456,1470.3,1470.3,2556.8,2623.0,1086.5,pre-planned high,,28.3,47.6,1,1603.5,1537.0,58.6,56.7,85.0,86
407f71:2026-05-08T14:30:29Z,PENN,trap,DA62,G-ZEAA,BRO69,EGNJ,121.0,EGNJ,121.0,2026-05-08,1200.4,53.4452,-1.7172,1791.9,1791.9,2963.5,2992.8,1171.6,pre-planned high,,62.0,62.1,1,1742.1,1742.1,88.7,89.8,171.2,61
4016cb:2026-05-10T16:17:20Z,PENN,trap,C150,G-AVER,GAVER,EGCJ,26.0,EGCB,73.0,2026-05-10,889.4,53.6088,-2.0246,1314.2,1390.1,2395.8,2690.3,1005.7,pre-planned high,,28.3,28.5,3,1548.4,1548.4,32.1,16.3,39.9,53
406833:2026-05-10T14:30:25Z,PENN,trap,DR40,G-CHOE,GCHOE,EGNE,91.0,EGNH,34.0,2026-05-10,1420.7,53.744,-2.1179,1456.8,1456.8,2840.6,2880.2,1383.8,pre-planned high,,34.2,34.5,1,1537.0,1537.0,50.2,57.7,60.5,53
4016cb:2026-05-10T14:09:07Z,PENN,trap,C150,G-AVER,GAVER,EGCB,73.0,EGCJ,26.0,2026-05-10,953.1,53.6237,-1.9918,1558.8,1558.8,1015.4,2738.4,-543.4,proactive climb,20.0,29.2,29.3,1,1548.4,1548.4,15.9,32.2,22.7,53
406833:2026-05-27T14:52:33Z,PENN,trap,DR40,G-CHOE,GCHOE,EGCL,8.0,EGNH,34.0,2026-05-27,1261.8,53.6736,-2.0044,1329.2,1342.4,2173.1,2736.5,830.7,no climb,,35.4,35.6,1,1537.0,1537.0,130.6,58.9,147.7,53
405f6f:2026-05-27T12:18:23Z,PENN,trap,CRUZ,G-SCPI,GSCPI,EGCJ,26.0,EGCB,73.0,2026-05-27,755.2,53.5929,-2.0623,1235.6,1411.7,1985.5,2509.0,573.8,reactive climb,7.4,30.0,30.0,1,1548.4,1548.4,31.7,16.5,37.9,53
40299c:2026-05-26T08:47:19Z,PENN,trap,C172,G-BNTP,GBNTP,EGCB,73.0,EGCB,73.0,2026-05-26,880.4,53.4047,-1.8998,1866.2,1866.2,2975.1,2998.8,1108.9,pre-planned high,,37.5,46.4,1,1689.0,2067.5,16.6,15.2,186.0,63
a1d065:2026-05-25T12:18:59Z,PENN,trap,P28R,N216GC,N216GC,EGPK,65.0,EGTR,332.0,2026-05-25,1271.0,53.5332,-1.7771,1304.4,1762.6,4125.1,3894.0,2362.4,pre-planned high,,50.6,51.7,1,1877.5,1742.1,231.9,205.9,259.8,76
405f26:2026-05-25T11:13:38Z,PENN,trap,EUPA,G-IRPW,GIRPW,EGCJ,26.0,EGCK,1.0,2026-05-25,1374.4,53.6164,-2.0021,1523.5,1523.5,2236.7,3336.7,713.2,proactive climb,21.7,26.4,27.0,1,1548.4,1548.4,31.5,147.9,43.3,76
402e3a:2026-05-30T13:38:49Z,PENN,trap,C172,G-BPVA,GBPVA,EGNJ,121.0,EGCB,73.0,2026-05-30,1047.8,53.3335,-1.8685,1318.6,1333.6,2734.8,2556.4,1401.2,pre-planned high,,29.2,30.2,1,2067.5,1747.2,88.8,15.6,93.9,77
40810d:2026-05-30T11:57:21Z,PENN,trap,RV8,G-MOES,GMOES,EGSU,125.0,EGCB,73.0,2026-05-30,751.9,53.4612,-1.8472,2045.2,2045.2,4329.9,3311.0,2284.8,pre-planned high,,37.2,40.1,1,2024.7,2024.7,183.9,15.6,190.4,77
402e3a:2026-05-30T10:36:42Z,PENN,trap,C172,G-BPVA,GBPVA,EGNH,34.0,EGNJ,121.0,2026-05-30,981.1,53.6003,-1.9923,1449.6,1449.6,2479.7,2680.1,1030.1,pre-planned high,,29.3,31.7,1,1548.4,1548.4,57.7,89.9,72.1,77
3d5ea4:2026-05-30T06:19:14Z,PENN,trap,PC6T,D-FICA,DFICA,EGAE,22.0,LFAT,36.0,2026-05-30,1299.5,53.5287,-1.8238,1526.0,1671.9,3689.3,3041.2,2017.4,pre-planned high,,37.5,37.6,1,1877.5,1877.5,344.3,391.3,363.5,77
a55e4e:2026-05-29T14:18:19Z,PENN,control,S22T,N445ML,N445ML,EGJJ,277.0,EGNM,681.0,2026-05-29,1509.2,53.3858,-1.814,1900.4,1900.4,4273.8,3410.9,2373.3,pre-planned high,,31.9,31.9,1,2052.0,2067.5,455.6,3.2,465.5,76
406833:2026-05-29T14:01:28Z,PENN,trap,DR40,G-CHOE,GCHOE,EGCJ,26.0,EGNH,34.0,2026-05-29,784.0,53.785,-2.1297,1435.7,1448.1,1606.4,2718.2,158.2,reactive climb,9.3,28.1,28.2,1,1537.0,1537.0,31.5,56.8,33.3,76
406833:2026-05-29T11:52:09Z,PENN,trap,DR40,G-CHOE,GCHOE,EGNH,34.0,EGCJ,26.0,2026-05-29,610.7,53.7574,-1.9235,1202.5,1400.4,1717.7,2096.4,317.2,no climb,,28.4,30.0,1,1537.0,1537.0,58.4,31.4,99.2,76
4017db:2026-05-29T11:35:55Z,PENN,trap,C172,G-AWVA,GAWVA,EGCB,73.0,EGNE,91.0,2026-05-29,1351.0,53.5699,-1.8771,1537.0,1537.0,1504.7,3017.3,-32.4,reactive climb,6.0,29.7,30.7,1,1877.5,1877.5,16.4,50.3,28.8,76
a19155:2026-05-29T11:26:59Z,PENN,trap,TB20,N20TB,N20TB,EGLK,325.0,EGPJ,399.0,2026-05-29,1061.1,53.4571,-1.7163,1774.7,1774.7,2828.5,3038.5,1053.8,pre-planned high,,61.8,62.1,1,1876.1,1742.1,227.8,257.5,251.7,76
401be5:2026-05-31T16:22:40Z,PENN,trap,SUBA,G-BDFR,GBDFR,EGNS,52.0,EGCJ,26.0,2026-05-31,1550.7,53.743,-2.1026,1366.0,1408.4,2600.6,3018.5,1192.2,pre-planned high,,27.7,27.7,4,1537.0,1537.0,161.9,32.1,129.2,57
4077fa:2026-05-31T12:18:17Z,PENN,trap,TL30,G-CLFG,GCLFG,EGCJ,26.0,EGCB,73.0,2026-05-31,708.1,53.6097,-2.0043,1514.2,1514.2,2305.0,2482.7,790.8,no climb,,28.2,28.2,1,1548.4,1548.4,32.0,15.7,35.1,57
4077fa:2026-05-31T10:59:28Z,PENN,trap,TL30,G-CLFG,GCLFG,EGCB,73.0,EGCJ,26.0,2026-05-31,795.2,53.6131,-2.0022,1464.1,1464.1,1222.5,2337.8,-241.6,reactive climb,4.5,30.8,30.8,1,1548.4,1548.4,15.9,31.7,22.7,57
4cac97:2026-06-17T14:59:59Z,PENN,trap,DA62,EI-TCN,VOR09,EGKA,7.0,EGPD,215.0,2026-06-17,1110.2,53.4686,-1.738,1687.0,1687.0,2792.2,3816.3,1105.1,pre-planned high,,63.9,64.0,2,1742.1,1742.1,292.8,359.1,306.3,61
407d1e:2026-06-16T13:48:12Z,PENN,trap,RV7,G-RVSP,GRVSP,EGCB,73.0,EGCJ,26.0,2026-06-16,1509.1,53.6095,-2.003,1489.9,1489.9,850.1,3003.2,-639.8,proactive climb,21.6,31.1,31.1,1,1548.4,1548.4,16.0,31.1,23.1,48
40327f:2026-06-15T13:22:10Z,PENN,trap,DR40,G-BSSP,SYO02,EGOW,37.0,EGXY,228.0,2026-06-15,951.3,53.5753,-1.8864,1617.8,1617.8,2523.1,2781.8,905.4,no climb,,30.7,32.2,1,1877.5,1877.5,59.5,60.4,63.5,49
40327f:2026-06-15T09:03:55Z,PENN,trap,DR40,G-BSSP,SYO02,EGXY,228.0,EGOW,37.0,2026-06-15,1206.5,53.6126,-1.9386,1115.8,1452.8,2796.8,2918.3,1344.0,pre-planned high,,29.0,32.8,1,1877.5,1742.1,61.0,59.6,76.3,49
404918:2026-06-15T08:47:23Z,PENN,trap,C172,G-EGCD,GEGCD,EGGP,80.0,EGCJ,26.0,2026-06-15,1086.8,53.6487,-1.9831,1289.8,1521.4,2871.6,2964.0,1350.2,pre-planned high,,29.4,29.4,1,1548.4,1548.4,45.9,31.4,70.6,49
4018aa:2026-06-20T14:13:47Z,PENN,trap,C150,G-AYGC,GAYGC,EGNE,91.0,EGCB,73.0,2026-06-20,513.5,53.6392,-2.0405,1476.3,1476.3,2079.2,2381.7,602.8,no climb,,28.7,31.3,1,1548.4,1548.4,49.3,15.5,95.9,71
4034a2:2026-06-20T13:10:48Z,PENN,trap,P28A,G-BTRS,GBTRS,EGCB,73.0,EGCJ,26.0,2026-06-20,1092.7,53.6095,-1.9943,1409.4,1409.4,1762.8,3266.8,353.3,proactive climb,16.6,27.8,30.6,1,1604.1,1548.4,17.5,33.5,28.7,71
4016cb:2026-06-20T13:03:07Z,PENN,trap,C150,G-AVER,GAVER,EGCB,73.0,EGCB,73.0,2026-06-20,519.9,53.5955,-2.0656,1191.7,1732.3,2922.7,2641.4,1190.4,pre-planned high,,34.5,44.0,1,2024.7,1877.5,16.1,15.7,134.8,71
405fb0:2026-06-20T12:08:54Z,PENN,trap,RV8,G-GORV,GGORV,EGOW,37.0,EGCS,58.0,2026-06-20,1173.4,53.623,-1.995,1548.1,1548.1,2766.8,2769.8,1218.7,pre-planned high,,28.7,29.0,1,1548.4,1548.4,59.9,69.7,63.6,71
ac6db6:2026-06-19T14:14:29Z,PENN,trap,SR22,N90KB,N90KB,EGBG,469.0,EGCB,73.0,2026-06-19,490.0,53.4107,-1.924,1510.7,1604.4,2010.1,2655.3,405.7,proactive climb,15.1,27.6,46.4,1,1832.6,2052.2,89.9,15.6,121.1,78
407ffb:2026-06-19T12:44:28Z,PENN,trap,P28A,G-GOST,WKT19,EGNE,91.0,EGNE,91.0,2026-06-19,1739.8,53.7058,-2.0464,1277.5,1277.5,2989.9,3019.5,1712.4,pre-planned high,,34.4,34.4,1,1537.0,1537.0,50.1,50.1,345.7,78
4077fa:2026-06-19T11:35:27Z,PENN,trap,TL30,G-CLFG,GCLFG,EGBM,439.0,EGCB,73.0,2026-06-19,664.0,53.3848,-1.8711,2048.6,2048.6,2502.0,2763.8,453.4,no climb,,34.7,39.2,1,2052.2,2067.5,54.1,15.6,57.5,78
4070f4:2026-06-18T09:51:00Z,PENN,trap,DA62,G-GBAS,VOR05,EGPD,215.0,EGKA,7.0,2026-06-18,1124.3,53.4809,-1.7593,1650.7,1650.7,3192.6,3475.0,1542.0,pre-planned high,,67.9,67.9,2,1876.1,1876.1,360.1,292.6,309.4,58
405fb0:2026-06-21T13:56:34Z,PENN,trap,RV8,G-GORV,GGORV,EGCS,58.0,EGOW,37.0,2026-06-21,1181.7,53.6229,-1.9957,1553.6,1553.6,2617.9,2760.6,1064.3,pre-planned high,,28.6,29.0,1,1548.4,1548.4,68.4,60.2,74.3,61
408218:2026-07-08T14:18:15Z,PENN,control,SIRA,G-VNEB,GVNEB,EGCW,233.0,EGNM,681.0,2026-07-08,1254.2,53.3865,-1.8199,1920.3,1920.3,3988.2,3371.8,2067.9,pre-planned high,,30.8,31.0,1,2067.5,2067.5,101.7,3.2,118.4,74
408218:2026-07-08T12:15:37Z,PENN,control,SIRA,G-VNEB,GVNEB,EGNM,681.0,EGCW,233.0,2026-07-08,1486.3,53.4686,-1.7433,1686.8,1721.2,1787.2,3973.4,66.0,proactive climb,19.2,29.2,29.2,1,2011.5,1946.0,2.1,98.8,38.3,74
405051:2026-07-08T11:31:59Z,PENN,trap,P28A,G-HAMR,GHAMR,EGNH,34.0,EGCJ,26.0,2026-07-08,1204.2,53.7083,-2.0423,1262.6,1262.6,2576.2,2565.2,1313.6,pre-planned high,,29.4,29.7,1,1463.9,1463.9,58.1,31.8,66.8,74
400f21:2026-07-08T07:29:12Z,PENN,control,P32R,G-HDEW,GHDEW,EGNM,681.0,EGTE,102.0,2026-07-08,1662.5,53.4674,-1.7263,1719.7,1719.7,2327.6,3399.5,607.9,proactive climb,21.9,31.8,32.1,1,2011.5,1946.0,2.4,299.7,35.8,74
402ab6:2026-07-11T15:30:10Z,PENN,trap,C172,G-BOIL,GBOIL,EGCJ,26.0,EGCB,73.0,2026-07-11,667.2,53.6279,-2.0308,1254.8,1254.8,1900.3,1942.7,645.5,no climb,,27.9,28.0,2,1548.4,1548.4,31.4,16.3,37.9,32
402924:2026-07-11T14:48:49Z,PENN,trap,P28A,G-BNOP,GBNOP,EGNH,34.0,EGNH,34.0,2026-07-11,629.9,53.376,-1.7009,1041.6,1698.8,2059.5,2559.0,360.7,no climb,,46.8,51.1,1,2024.7,1876.1,57.9,59.2,64.6,32
402924:2026-07-11T14:48:49Z,PENN,trap,P28A,G-BNOP,GBNOP,EGNH,34.0,EGNH,34.0,2026-07-11,271.6,53.4009,-1.8886,2021.4,2021.4,2434.1,2427.5,412.7,no climb,,39.4,47.8,1,2024.7,2067.5,57.9,59.2,118.2,32
402ab6:2026-07-11T13:59:00Z,PENN,trap,C172,G-BOIL,GBOIL,EGCB,73.0,EGCJ,26.0,2026-07-11,645.6,53.6301,-2.0277,1336.2,1336.2,1457.5,1994.4,121.3,reactive climb,5.2,28.3,28.3,1,1548.4,1548.4,15.7,31.3,25.2,32
407891:2026-07-10T14:28:26Z,PENN,trap,C42,G-WKDB,GWKDB,EGCJ,26.0,EGCB,73.0,2026-07-10,369.6,53.6307,-2.0524,1366.9,1366.9,1940.5,2276.3,573.5,reactive climb,7.2,30.2,30.6,1,1548.4,1548.4,31.6,15.8,37.2,72
402e21:2026-07-10T13:44:17Z,PENN,trap,P28A,G-EGTB,GEGTB,EGNV,120.0,EGNR,45.0,2026-07-10,1068.6,53.814,-2.0665,1464.3,1464.3,2641.8,2634.2,1177.4,pre-planned high,,25.3,26.1,2,1603.5,1603.5,64.9,56.5,83.3,72
407891:2026-07-10T12:53:22Z,PENN,trap,C42,G-WKDB,GWKDB,EGCB,73.0,EGCJ,26.0,2026-07-10,806.1,53.6352,-2.0246,1342.4,1375.4,1489.5,2257.6,114.0,reactive climb,8.0,28.6,28.7,1,1548.4,1548.4,15.9,31.5,26.9,72
400ca9:2026-07-10T06:49:29Z,PENN,trap,F406,G-FIND,REV6ND,EGNX,306.0,EGNX,306.0,2026-07-10,1502.1,53.7588,-2.1297,1536.9,1536.9,4078.1,3240.0,2541.2,pre-planned high,,28.9,29.8,1,1537.0,1537.0,57.8,57.2,425.3,72
400ca9:2026-07-10T06:49:29Z,PENN,trap,F406,G-FIND,REV6ND,EGNX,306.0,EGNX,306.0,2026-07-10,1735.3,53.4704,-1.7106,1587.2,1587.2,3034.0,3323.0,1446.8,pre-planned high,,37.5,43.6,1,1877.5,1742.1,57.8,57.2,765.9,72
400e32:2026-07-12T11:18:02Z,PENN,trap,C172,G-BORW,GBORW,EGBW,159.0,EGCB,73.0,2026-07-12,1003.6,53.6046,-2.0192,1359.3,1420.5,2817.1,2771.0,1396.6,pre-planned high,,27.8,28.2,2,1877.5,1689.4,123.9,16.0,180.0,50
4063d4:2026-07-27T15:35:18Z,PENN,trap,RV7,G-WOWI,GWOWI,EGCB,73.0,EGCB,73.0,2026-07-27,1092.6,53.6136,-2.0133,1502.4,1502.4,2199.4,2947.2,697.1,reactive climb,-20.1,30.7,32.2,1,1877.5,1548.4,16.0,15.6,49.5,66
4063d4:2026-07-27T15:35:18Z,PENN,trap,RV7,G-WOWI,GWOWI,EGCB,73.0,EGCB,73.0,2026-07-27,1227.5,53.4755,-1.7071,1545.4,1545.4,3589.6,2772.9,2044.2,pre-planned high,,31.6,32.9,1,1988.0,1877.5,16.0,15.6,132.2,66
406534:2026-07-31T17:35:52Z,PENN,trap,EV97,G-CGVT,GCGVT,EGCB,73.0,EGCB,73.0,2026-07-31,302.4,53.4042,-1.898,1952.7,1952.7,1665.5,2331.2,-287.2,no climb,,31.0,42.4,1,1625.2,2067.5,15.8,15.5,85.0,60
a8b296:2026-07-30T12:54:11Z,PENN,trap,S22T,N66HG,N66HG,EGNV,120.0,EGBJ,101.0,2026-07-30,1107.1,53.4808,-1.758,1664.1,1664.1,2265.5,2773.3,601.4,reactive climb,3.0,32.1,33.0,1,1747.2,1747.2,65.0,156.4,106.1,68
402991:2026-07-30T10:31:01Z,PENN,trap,C172,G-GYAV,GGYAV,EGGP,80.0,EGCJ,26.0,2026-07-30,1371.9,53.8468,-2.0373,1365.4,1365.4,3364.0,2904.6,1998.6,pre-planned high,,28.7,28.7,1,1603.5,1603.5,48.6,32.0,95.7,68
